locality,home_type,subtype,price,type_of_sale,room,area,equipped,furnished,open_fire,terrace,terrace_area,garden,garden_area,surface_of_land_area,facades,swimming_pool,state_of building
 Rue Coleau 4,Maison,,55000,,1,,,0,,,,,, 0.7 are,,0,
 Rue de la Cathédrale 29,Studio,,69000,,,,,0,,,,,,,,0,
 Franslaan 43,Studio,,70000,,,,,0,,,,,, 0.28 are,,0,
 Square Frans Hals 5,Appartement,,80000,,,,,0,,,,,, 12 ares,,0,
,Appartement,,89000,,1,,,0,,,,,,,,0,
 Avenue Docteur Zamenhof 2,Studio,,90000,,,,,0,,,,,,,,0,
,Maison,,97500,,,,,0,,,,,,,,0,
 dronckaertstraat 519,Maison,,99000,,,,,0,,,,,,,,0,
 A. Ruzettelaan 183,Studio,,110000,,,,,0,,,,,, 0.38 are,,0,
 Chaussée de Warneton 97,Maison,,114900,,,,,0,,,,,,,,0,
 Place Gossart 16,Immeuble,,115000,,,,,0,,,,,, 5.9 ares,,0,
 Boulevard Louis Mettewie 46,Studio,,115000,,,,,0,,,,,, 60.13 ares,,0,
 Chaussée 28,Maison,,119000,,,,,0,,,,,,,,0,
 rue vital francoisse 113,Appartement,,119500,,,,,0,,,,,,,,0,
,Appartement,,127000,,1,,,0,,,,,,,,0,
 Scheldestraat 25,Maison,,128500,,,,,0,,,,,, 1.3 are,,0,
 Groenplein 21,Appartement,,129900,,,,,0,,,,,,,,0,
 Boulevard Louis Mettewie 46,Appartement,,135000,,,,,0,,,,,,,,0,
 Rue de la Lorraine 105,Maison,,135000,,,,,0,,,,,,,,0,
 Kerkplein 2,Maison,,135000,,,,,0,,,,,, 0.53 are,,0,
 Rue Brogniez 68,Appartement,,135000,,1,,,0,,,,,,,,0,
 rue de la marlière 152,Duplex,,139000,,1,,,0,,,,,,,,0,
 rue de la marlière 152,Appartement,,139000,,1,,,0,,,,,,,,0,
 rue de la marlière 152,Duplex,,139000,,1,,,0,,,,,,,,0,
 rue de la marlière 152,Appartement,,139000,,1,,,0,,,,,,,,0,
 Varkensmarkt 1,Studio,,139900,,1,,,0,,,,,,,,0,
 Rue des Forgerons 99,Maison,,145000,,,,,0,,,,,,,,0,
 Rue des viaducs,Appartement,,147000,,1,,,0,,,,,,,,0,
 NEERSTRAAT  38,Maison,,147000,,,,,0,,,,,, 1.01 are,,0,
 Rue Julien Mullie 69,Maison,,149000,,,,,0,,,,,, 2.45 ares,,0,
 Koningin Astridlaan 16,Studio,,149000,,,,,0,,,,,,,,0,
 rue des Combattants 120,Maison,,149000,,,,,0,,,,,,,,0,
 Kluislaan 17,Appartement,,149000,,1,,,0,,,,,,,,0,
 Rue des viaducs,Appartement,,149500,,1,,,0,,,,,,,,0,
 Frans van Dijckstraat 19,Appartement,,149900,,1,,,0,,,,,,,,0,
 Chaussée de Namur  71,Maison,,150000,,,,,0,,,,,, 5.83 ares,,0,
 Kustlaan 97,Appartement,,150000,,1,,,0,,,,,,,,0,
 Rue des viaducs,Appartement,,152000,,1,,,0,,,,,,,,0,
 Bredestraat 151,Maison,,155000,,,,,0,,,,1, 0.54 are, 1.45 are,,0,
 Lochtingstraat 16,Maison,,159000,,,,,0,,,,,,,,0,
 Rue des viaducs,Appartement,,159500,,1,,,0,,,,,,,,0,
 Rue Docteur Roland 125,Maison,,160000,,,,,0,,,,1, 4.92 ares, 7.7 ares,,0,
 Rue Paul Pastur 94,Maison,,160000,,,,,0,,,,,, 1.9 are,,0,
 Westhinderstraat 13,Maison,,160750,,,,,0,,,,1, 0.29 are, 0.64 are,,0,
 Rue de L'yser 385,Appartement,,161000,,,,,0,,,,,,,,0,
 Rue des viaducs,Appartement,,162000,,1,,,0,,,,,,,,0,
 Franslaan 115,Appartement,,165000,,1,,,0,,,,,, 0.44 are,,0,
 Watervalstraat 62,Maison,,165000,,,,,0,,,,,, 1.3 are,,0,
 Rue Vaudrée 30,Maison,,165000,,,,,0,,,,1, 1.37 are, 2.06 ares,,0,
,Appartement,,165090,,,,,0,,,,,,,,0,
 Rue d'Angleterre 5,Maison,,168000,,,,,0,,,,,, 1.5 are,,0,
 Rue des Gonceries 103,Maison,,169000,,,,,0,,,,,, 3 ares,,0,
 Jan Van Rijswijcklaan 279,Penthouse,,169000,,,,,0,,,,,,,,0,
,Maison,,169000,,,,,,,,,,, 0.68 are,,0,
,Immeuble,,169000,,,,,,,,,,, 0.68 are,,0,
 Boudewijnlaan 24,Appartement,,169000,,,,,0,,,,,,,,0,
 Rue Charles Martel 24,Maison,,170000,,,,,0,,,,1, 1.22 are, 2.16 ares,,0,
 Emile Jacqmainlaan 137,Studio,,174000,,1,,,0,,,,,,,,0,
 Emile Jacqmainlaan 137,Studio,,174000,,1,,,0,,,,,,,,0,
 Rue de la Houillère 64,Maison,,175000,,,,,0,,,,1, 1.5 are, 2.11 ares,,0,
 Sint-Cornelisstraat 10,Maison,,175000,,,,,0,,,,,, 0.7 are,,0,
 Hulstplein 34,Appartement,,177000,,1,,,0,,,,,, 0.8 are,,0,
 Kruidtuinlaan 3-4,Studio,,178000,,1,,,0,,,,,,,,0,
 Kruidtuinlaan 3-4,Studio,,178000,,1,,,0,,,,,,,,0,
 Rue du Bois 87,Maison,,179000,,,,,0,,,,,, 1.75 are,,0,
 Rue du Bois 87,Maison,,179000,,,,,0,,,,,, 1.75 are,,0,
 Van Aerdtstraat 28,Appartement,,179000,,1,,,0,,,,,,,,0,
,Maison,,179000,,,,,0,,,,,,,,0,
 Rue de Gilly 319,Maison,,179000,,,,,0,,,,,, 2.8 ares,,0,
 Lalouxlaan 2,Appartement,,180000,,,,,0,,,,,, 3.5 ares,,0,
 Sint-Franciscusstraat 56,Appartement,,180000,,,,,0,,,,,,,,0,
 Boulevard Général Wahis 32,Appartement,,180000,,1,,,0,,,,,, 22.47 ares,,0,
 Frans de Vriendtstraat 34,Appartement,,180000,,,,,0,,,,,,,,0,
 Koningin Elisabethlaan 1A,Appartement,,180000,,1,,,0,,,,,,,,0,
 Potvlietlaan 10,Immeuble,,180000,,,,,0,,,,,,,,0,
 Rue des viaducs,Appartement,,181000,,,,,0,,,,,,,,0,
 Rue des viaducs,Appartement,,181000,,,,,0,,,,,,,,0,
 Rue des viaducs,Appartement,,181000,,,,,0,,,,,,,,0,
 Koningin Astridlaan 24,Appartement,,182000,,,,,0,,,,,,,,0,
 Rue des viaducs,Appartement,,183500,,,,,0,,,,,,,,0,
 Rue des viaducs,Appartement,,183500,,,,,0,,,,,,,,0,
,Appartement,,185000,,,,,,,,,,,,,0,
 Brusselsesteenweg 40,Duplex,,185000,,,,,0,,,,,, 1.66 are,,0,
 Elisalaan 12,Rez-de-chaussée,,185000,,1,,,0,,,,,, 0.42 are,,0,
 Rue des viaducs,Appartement,,185300,,,,,0,,,,,,,,0,
 Rue des viaducs,Appartement,,186000,,,,,0,,,,,,,,0,
 Rue du Bornoville 62,Maison,,189000,,,,,0,,,,,, 2.2 ares,,0,
 Koningin Astridlaan 14,Appartement,,189000,,,,,0,,,,,,,,0,
 Rue des Campagnes 36,Maison,,189000,,,,,0,,,,,,,,0,
 Buizemontstraat 127,Maison,,189000,,,,,0,,,,,, 1.7 are,,0,
 Vuldersstraat 48,Maison,,189000,,,,,0,,,,,, 1.91 are,,0,
 Rue des viaducs,Appartement,,190000,,,,,0,,,,,,,,0,
 Maalse Steenweg 164,Appartement,,190000,,,,,0,,,,,,,,0,
 Rue des viaducs,Appartement,,190500,,,,,0,,,,,,,,0,
 Rue des viaducs,Appartement,,191000,,,,,0,,,,,,,,0,
 Rue des viaducs,Appartement,,191000,,,,,0,,,,,,,,0,
 Rue des viaducs,Appartement,,191000,,,,,0,,,,,,,,0,
 Rue des viaducs,Appartement,,192200,,,,,0,,,,,,,,0,
 Rue des viaducs,Appartement,,192300,,,,,0,,,,,,,,0,
 Route de Gosselies 25,Appartement,,194000,,,,,0,,,,,,,,0,
 Route de Gosselies 25,Appartement,,194000,,,,,0,,,,,,,,0,
 Route de Gosselies 25,Appartement,,194000,,,,,0,,,,,,,,0,
 Priestersstraat 2,Appartement,,195000,,,,,0,,,,,, 0.75 are,,0,
 Dageraadsstraat 17,Appartement,,195000,,,,,0,,,,,,,,0,
 Rue du Noir Chien 6,Maison,,195000,,,,,0,,,,,,,,0,
,Maison,,195000,,,,,,,,,,, 6.8 ares,,0,
 Diksmuidelaan 2A,Appartement,,195000,,1,,,0,,,,,,,,0,
 Dreef 9,Immeuble,,195000,,,,,0,,,,,, 4.24 ares,,0,
 Barchonstraat 10,Appartement,,195000,,1,,,0,,,,,,,,0,
 Albert I Laan  45,Appartement,,195000,,,,,0,,,,,, 2.94 ares,,0,
 Albert I Laan 90,Appartement,,195000,,,,,0,,,,,, 0.78 are,,0,
 Weverijstraat 120,Maison,,195000,,,,,0,,,,,, 1.5 are,,0,
 Bassevillestraat 195,Maison,,195500,,,,,0,,,,,, 1.1 are,,0,
 Rue des viaducs,Appartement,,196000,,,,,0,,,,,,,,0,
 Rue des viaducs,Appartement,,196000,,,,,0,,,,,,,,0,
 Rue des viaducs,Appartement,,196000,,,,,0,,,,,,,,0,
 Rue des viaducs,Appartement,,196000,,,,,0,,,,,,,,0,
 Rue des viaducs,Appartement,,196000,,,,,0,,,,,,,,0,
 Rue des viaducs,Appartement,,196000,,,,,0,,,,,,,,0,
 Steenbakkersstraat 15,Maison,,198000,,,,,0,,,,,, 7.69 ares,,0,
 Artoisstraat 6,Appartement,,198000,,,,,0,,,,,,,,0,
 Rue Jean Baptiste Faux 27,Maison,,199000,,,,,0,,,,,, 6.11 ares,,0,
 Bosstraat 124,Maison,,200000,,,,,0,,,,,, 5.53 ares,,0,
,Duplex,,200000,,,,,,,,,,, 1.3 are,,0,
 Vissenakenstraat 45,Maison,,209000,,,,,0,,,,,, 2.34 ares,,0,
,Appartement,,209800,,,,,,,,,,,,,0,
 Weststraat 126,Duplex,,210000,,,,,,,,,,,,,0,
 Perronstraat 7,Appartement,,210000,,1,,,0,,,,,,,,0,
 Brusselsesteenweg 40,Appartement,,210000,,,,,0,,,,,, 1.66 are,,0,
,Appartement,,212300,,,,,,,,,,,,,0,
 Opgeëistenstraat 135,Maison,,215000,,,,,0,,,,,, 0.83 are,,0,
 Opgeëistenstraat 135,Maison,,215000,,,,,0,,,,,, 0.83 are,,0,
 Wiekevorstse Steenweg 10,Maison,,215000,,,,,0,,,,,,,,0,
,Appartement,,215000,,,,,0,,,,,,,,0,
,Appartement,,215000,,,,,,,,,,, 1.49 are,,0,
 Rue Joseph Halkin 32,Maison,,215000,,,,,0,,,,,, 2.56 ares,,0,
 Helihavenlaan 48,Appartement,,215000,,,,,0,,,,,,,,0,
 Rue des viaducs,Appartement,,217500,,,,,0,,,,,,,,0,
 Rue des viaducs,Appartement,,218500,,1,,,0,,,,,,,,0,
 Vlierzeledorp 5,Duplex,,220000,,,,,0,,,,,,,,0,
 Louis Mettewielaan 62,Appartement,,220000,,,,,0,,,,,,,,0,
 Runkstersteenweg 293,Maison,,223000,,,,,0,,,,,,,,0,
 Route de Forrières,Maison,,225000,,,,,0,,,,,,,,0,
 Rue Henri Evenepoel 109,Appartement,,225000,,1,,,0,,,,,,,,0,
,Maison,,225000,,,,,,,,,,, 10 ares,,0,
 Rue Fernand Lacroix,Maison,,225000,,,,,0,,,,,, 4.1 ares,,0,
 Lombardsijdelaan 171,Maison,,225000,,,,,0,,,,,, 2.45 ares,,0,
 Lombardsijdelaan 171,Maison,,225000,,,,,0,,,,,, 2.45 ares,,0,
,Maison,,227500,,,,,0,,,,,,,,0,
 Zeelandstraat 87,Appartement,,227500,,,,,0,,,,,, 1.21 are,,0,
 Van Geertstraat 29,Rez-de-chaussée,,229000,,1,,,0,,,,1, 0.5 are,,,0,
 Bulskampstraat 66,Maison,,229000,,,,,0,,,,,, 1.76 are,,0,
 Doornikseweg 16,Maison,,229500,,,,,0,,,,,, 6.51 ares,,0,
 Rue Fernand Lacroix,Maison,,229500,,,,,0,,,,,, 4.3 ares,,0,
 Avenue de Septembre 8A,Appartement,,230000,,1,,,0,,,,,,,,0,
 Heinsberg 15,Maison,,230000,,,,,0,,,,,, 3.23 ares,,0,
 Heinsberg 15,Maison,,230000,,,,,0,,,,,, 3.23 ares,,0,
 Hector Denisstraat 24,Maison,,235000,,,,,0,,,,,, 1.7 are,,0,
 Hector Denisstraat 24,Maison,,235000,,,,,0,,,,,, 1.7 are,,0,
 Mechelbaan 476,Appartement,,235000,,,,,0,,,,,,,,0,
 Vaartstraat 49,Appartement,,235000,,,,,0,,,,,,,,0,
 Rue Fernand Lacroix,Maison,,235000,,,,,0,,,,,, 4.65 ares,,0,
 Steenbakkerstraat 27,Maison,,237000,,,,,0,,,,1, 6 ares, 7.8 ares,,0,
 Steenbakkerstraat 27,Maison,,237000,,,,,0,,,,1, 6 ares, 7.8 ares,,0,
 rotterdamstraat 57,Maison,,239000,,,,,0,,,,,, 0.45 are,,0,
 Rue de la Station d'Acren 75,Maison,,239000,,,,,0,,,,,, 5.37 ares,,0,
 Jozef Cuyversstraat 7,Maison,,239000,,,,,0,,,,1, 0.3 are, 0.94 are,,0,
 Koning Albert II-laan 49,Appartement,,239000,,1,,,0,,,,,,,,0,
 Philippe Spethstraat 94,Maison,,239000,,,,,0,,,,1, 2.03 ares,,,0,
 Rue des Jardins 52,Maison,,239500,,,,,0,,,,,, 0.95 are,,0,
 Rue Fernand Lacroix,Maison,,239500,,,,,0,,,,,, 5.25 ares,,0,
,Maison,,240000,,,,,,,,,,, 7.55 ares,,0,
 Rue du Vieux-Marché 68/03,Appartement,,243500,,,,,0,,,,,,,,0,
 Beukenlaan 4,Maison,,245000,,,,,0,,,,,,,,0,
 Izegemsestraat 12,Appartement,,245000,,,,,0,,,,,,,,0,
 Molenstraat 1,Appartement,,245000,,,,,0,,,,,,,,0,
,Maison,,245000,,,,,,,,,,,,,0,
 Blauwesteen 97,Maison,,245000,,,,,0,,,,,, 1.2 are,,0,
 Kelderstraat  9,Appartement,,245000,,1,,,0,,,,,,,,0,
 Emile Jacqmainlaan 142,Appartement,,245000,,1,,,0,,,,,,,,0,
,Appartement,,247000,,,,,0,,,,,,,,0,
,Appartement,,247000,,,,,0,,,,,,,,0,
 Picardstraat 11,Appartement,,247000,,1,,,0,,,,,,,,0,
,Appartement,,249000,,,,,0,,,,,,,,0,
 Elisabethlaan 318,Appartement,,249000,,,,,0,,,,,,,,0,
 Rue du Delta 145,Maison,,249000,,,,,0,,,,1, 18 ares, 19.37 ares,,0,
 Frankrijklei 160,Appartement,,249500,,,,,0,,,,,,,,0,
 Karel Lodewijk Ledeganckstraat 40,Maison,,249500,,,,,0,,,,,, 1.5 are,,0,
 Karel Lodewijk Ledeganckstraat 40,Maison,,249500,,,,,0,,,,,, 1.5 are,,0,
 Rue de Leumont 42,Maison,,249500,,,,,0,,,,1, 14.57 ares, 15.82 ares,,0,
 Koning Leopold III Plein 15,Appartement,,250000,,,,,0,,,,,,,,0,
 Hilarius Bertolfstraat 93,Maison,,250000,,,,,0,,,,,, 0.8 are,,0,
 Sint-Lievenslaan 116,Immeuble,,250000,,,,,0,,,,,,,,0,
 Vrijheidsstraat 102,Maison,,255000,,,,,0,,,,,,,,0,
 Schijfstraat 39,Maison,,255000,,,,,0,,,,1, 1.5 are, 2.6 ares,,0,
 Hoogmolenwegel 3,Maison,,258000,,,,,0,,,,,, 6.4 ares,,0,
 Spinstersstraat 39,Maison,,258000,,,,,0,,,,,, 0.5 are,,0,
 Molenstraat 2,Maison,,258000,,,,,0,,,,,, 2.76 ares,,0,
 Rue du Hangar,Maison,,258300,,,,,0,,,,,, 1.98 are,,0,
 Tangehoefstraat 16,Maison,,259000,,,,,0,,,,,,,,0,
 Kapelsestraat 304,Maison,,259000,,,,,0,,,,1, 2.21 ares, 3.67 ares,,0,
 Dolfijnstraat 39,Maison,,259000,,,,,0,,,,,, 1.91 are,,0,
 Rue Criquelions 38,Maison,,260000,,,,,0,,,,1, 13.99 ares, 15.92 ares,,0,
 Essex Scottishlaan 83,Appartement,,260000,,,,,0,,,,,,,,0,
 Ernest Solvaystraat 75-77,Maison,,260000,,,,,0,,,,,, 3.36 ares,,0,
 Volkaardstraat 12,Maison,,260000,,,,,0,,,,,, 2.27 ares,,0,
 Volkaardstraat 12,Maison,,260000,,,,,0,,,,,, 2.27 ares,,0,
 Kerkplein 3,Maison,,263000,,,,,0,,,,,, 3.11 ares,,0,
,Maison,,265000,,,,,,,,,,, 14.17 ares,,0,
 Waregemstraat 524,Maison,,265000,,,,,0,,,,,, 4.56 ares,,0,
 Bloemistenstraat 4,Maison,,265000,,,,,0,,,,,, 3.59 ares,,0,
 Friulilaan 3,Appartement,,265000,,1,,,0,,,,,,,,0,
 Route de Gosselies 25,Appartement,,269000,,,,,0,,,,,,,,0,
 Karel Janssenslaan 41,Appartement,,269000,,,,,0,,,,,,,,0,
 stationplein 25,Appartement,,269000,,,,,0,,,,,,,,0,
 Aisne 40,Maison,,270000,,,,,0,,,,,,,,0,
 Rue du Hangar,Maison,,271100,,,,,0,,,,,, 1.8 are,,0,
 Rue du Hangar,Maison,,272600,,,,,0,,,,,, 3.96 ares,,0,
 Rue Antoine Nélis,Maison,,273400,,,,,0,,,,,, 3.23 ares,,0,
 Rue du Hangar,Maison,,274800,,,,,0,,,,,, 2.93 ares,,0,
 Rue Antoine Nélis,Maison,,275000,,,,,0,,,,,, 3.57 ares,,0,
 Zultseweg 62,Appartement,,275000,,,,,0,,,,,,,,0,
,Maison,,275000,,,,,0,,,,,, 4.21 ares,,0,
 Rue Val de Mehaigne 2,Appartement,,275000,,,,,0,,,,,,,,0,
 Leopoldlaan 89,Appartement,,275000,,,,,0,,,,,,,,0,
 Rue Saint-Nicolas 221,Maison,,275000,,,,,0,,,,1, 0.96 are, 1.8 are,,0,
 Albert I laan 75b,Appartement,,275000,,,,,0,,,,,, 0.63 are,,0,
 Stokstraat 9 - 11,Maison,,275000,,,,,0,,,,,, 5.95 ares,,0,
 Albrecht Rodenbachstraat 28,Maison,,276000,,,,,0,,,,,, 1.98 are,,0,
 Rue du Hangar,Maison,,276800,,,,,0,,,,,, 3.69 ares,,0,
 Rue des Tulipes,Maison,,277000,,,,,0,,,,,, 5.57 ares,,0,
 Zeedijk-Heist 166,Appartement,,279000,,1,,,0,,,,,, 0.47 are,,0,
 Leopold Decouxlaan 18,Immeuble,,279000,,,,,0,,,,,, 1.7 are,,0,
 Lotissement du Bois des Rois 123,Maison,,280000,,,,,0,,,,1, 15 ares, 25.23 ares,,0,
 Boomlaarstraat 182,Maison,,280000,,,,,0,,,,,,,,0,
,Appartement,,280000,,,,,,,,,,,,,0,
 Rue du Hangar,Maison,,281600,,,,,0,,,,,, 1.98 are,,0,
 Steenweg 90,Duplex,,282000,,,,,0,,,,,,,,0,
 Rue du Hangar,Maison,,282700,,,,,0,,,,,, 1.89 are,,0,
 Rue de Vinalmont,Maison,,284000,,,,,0,,,,1, 7.07 ares, 7.93 ares,,0,
 Rue du Hangar,Maison,,284900,,,,,0,,,,,, 1.98 are,,0,
,Appartement,,285000,,,,,0,,,,,,,,0,
 Kapel ter Rustestraat 28,Duplex,,285000,,,,,0,,,,,,,,0,
,Immeuble,,285000,,,,,,,,,,,,,0,
 Rue de Villemont,Maison,,287500,,,,,0,,,,,, 5.16 ares,,0,
 Rue de Villemont,Maison,,288800,,,,,0,,,,,, 5.36 ares,,0,
,Appartement,,289000,,,,,0,,,,,,,,0,
,Appartement,,289500,,1,,,0,,,,,,,,0,
 De Bruynlaan 104,Appartement,,290000,,,,,0,,,,,, 1.21 are,,0,
 Rue du Stade Lot 57,Maison,,290100,,,,,0,,,,,, 8.5 ares,,0,
 Rue Antoine Nélis,Maison,,292200,,,,,0,,,,,, 3.29 ares,,0,
 Rue de Villemont,Maison,,292700,,,,,0,,,,,, 6.7 ares,,0,
,Appartement,,294100,,,,,0,,,,,,,,0,
 Coquilhatstraat 49A,Rez-de-chaussée,,295000,,1,,,0,,,,,,,,0,
 Kaplotestraat 56,Maison,,295000,,,,,0,,,,,, 4.5 ares,,0,
,Maison,,295000,,,,,,,,,,, 1.84 are,,0,
,Maison,,295000,,,,,,,,,,, 2.4 ares,,0,
 Galerie du Commerce 6,Appartement,,295000,,,,,0,,,,,,,,0,
 Veldstraat 23,Maison,,295000,,,,,0,,,,1, 0.8 are, 2.3 ares,,0,
 Rue de la Botte d'asperges,Maison,,295100,,,,,0,,,,,, 4.16 ares,,0,
 Rue de Tournai 12,Loft,,295345,,,,,0,,,,,,,,0,
 Rue Antoine Nélis,Maison,,296900,,,,,0,,,,,, 4.14 ares,,0,
 Rue Théophile Jacquemin Lot 11,Villa,,296900,,,,,0,,,,,, 7.07 ares,,0,
 Rue de la Botte d'asperges,Maison,,298500,,,,,0,,,,,, 4.68 ares,,0,
 Heibergstraat 45,Maison,,299000,,,,,0,,,,,,,,0,
,Appartement,,300000,,,,,0,,,,,,,,0,
 Picardstraat 11,Appartement,,303000,,,,,0,,,,,,,,0,
 Rue Antoine Nélis,Maison,,303500,,,,,0,,,,,, 5.54 ares,,0,
 Rue de la Botte d'asperges,Maison,,304100,,,,,0,,,,,, 4.15 ares,,0,
 Rue de la Botte d'asperges,Maison,,304200,,,,,0,,,,,, 5.16 ares,,0,
 Rue Antoine Nélis,Maison,,304200,,,,,0,,,,,, 4.1 ares,,0,
 Rue de la Botte d'asperges,Maison,,304300,,,,,0,,,,,, 4.16 ares,,0,
 Rue de la Botte d'asperges,Maison,,304500,,,,,0,,,,,, 5.59 ares,,0,
 Rue de la Botte d'asperges,Maison,,305200,,,,,0,,,,,, 3.85 ares,,0,
 Rue de la Botte d'asperges,Maison,,305200,,,,,0,,,,,, 4.35 ares,,0,
 Rue de Villemont,Maison,,305600,,,,,0,,,,,, 4.08 ares,,0,
 Rue de Villemont,Maison,,306500,,,,,0,,,,,, 6.03 ares,,0,
 Rue de la Botte d'asperges,Maison,,307300,,,,,0,,,,,, 3.85 ares,,0,
 Rue Théophile Jacquemin Lot 20,Villa,,307900,,,,,0,,,,,, 9.62 ares,,0,
 Kerkstraat 76,Penthouse,,309000,,,,,0,,,,,, 7.29 ares,,0,
 Onderwijsstraat 8,Maison,,309000,,,,,0,,,,,,,,0,
 Fond des Fawes 1,Maison,,309000,,,,,0,,,,,, 7 ares,,0,
 Rue de la Botte d'asperges,Maison,,309500,,,,,0,,,,,, 4.67 ares,,0,
 Pervijzestraat 56,Maison,,310000,,,,,0,,,,,,,,0,
 Rue Jean Vinois 4,Maison,,310000,,,,,0,,,,,, 1.6 are,,0,
 Rue de la Botte d'asperges,Maison,,310300,,,,,0,,,,,, 3.85 ares,,0,
 Rue de la Botte d'asperges,Maison,,312600,,,,,0,,,,,, 3.85 ares,,0,
 Rue de la Botte d'asperges,Maison,,314300,,,,,0,,,,,, 5.18 ares,,0,
 Rue de la Botte d'asperges,Maison,,314500,,,,,0,,,,,, 4.69 ares,,0,
 Rue de la Botte d'asperges,Maison,,314700,,,,,0,,,,,, 4.65 ares,,0,
 Rue de la Botte d'asperges,Maison,,314800,,,,,0,,,,,, 4.65 ares,,0,
 Rooigemlaan 367,Maison,,315000,,,,,0,,,,,, 1.05 are,,0,
 Rue Antoine Nélis,Maison,,315900,,,,,0,,,,,, 4.7 ares,,0,
 Dalakkerstraat 9,Maison,,318000,,,,,0,,,,,, 6.01 ares,,0,
 Edw. Schelfhoutstraat 167,Maison,,319000,,,,,0,,,,,,,,0,
 Ives-Sabin Maghermanlaan 50,Maison,,319000,,,,,0,,,,,, 6.9 ares,,0,
 Rue de la Botte d'asperges,Maison,,319200,,,,,0,,,,,, 4.5 ares,,0,
 Rue de la Botte d'asperges,Maison,,319500,,,,,0,,,,,, 4.63 ares,,0,
 Rue de la Tannerie 24,Villa,,320000,,,,,0,,,,,, 9.2 ares,,0,
 Boomsestraat 154,Maison,,320000,,,,,0,,,,1, 0.43 are, 1 are,,0,
,Maison,,320000,,,,,,,,,,, 9.83 ares,,0,
,Appartement,,320000,,,,,0,,,,,,,,0,
 Langergasse 4,Maison,,320000,,,,,0,,,,,, 7.67 ares,,0,
 Rue du Hangar,Maison,,322300,,,,,0,,,,,, 4.6 ares,,0,
 Rue Antoine Nélis,Maison,,322400,,,,,0,,,,,, 5.96 ares,,0,
 Rue Antoine Nélis,Maison,,324100,,,,,0,,,,,, 5.13 ares,,0,
 Rue Antoine Nélis,Maison,,324400,,,,,0,,,,,, 5.14 ares,,0,
 Brieversweg 426,Maison,,325000,,,,,0,,,,,,,,0,
 Rue de la Crête Lot 35,Villa,,326700,,,,,0,,,,,, 9.92 ares,,0,
 Rue Antoine Nélis,Maison,,326900,,,,,0,,,,,, 4.15 ares,,0,
 Henegouwenstraat 4 Permeke,Appartement,,327000,,,,,0,,,,,, 0.6 are,,0,
 Rue Sainte-Catherine,Appartement,,327000,,,,,0,,,,,,,,0,
 Rue Cléchêne - Rue des Biolettes,Maison,,329900,,,,,0,,,,1, 12.18 ares, 12.94 ares,,0,
 rue de caumont 8,Maison,,330000,,,,,0,,,,,, 97 ares,,0,
 rue de caumont 8,Ferme,,330000,,,,,0,,,,,, 97 ares,,0,
 Rue du Marché aux Poulets 49,Appartement,,330000,,1,,,0,,,,,, 1.3 are,,0,
 Rue du Hangar,Maison,,331200,,,,,0,,,,,, 3.58 ares,,0,
 Rue Grandrieu 30,Maison,,335000,,,,,0,,,,,, 28.5 ares,,0,
 Rue du Roi Chevalier  4.2,Appartement,,335000,,,,,0,,,,,,,,0,
 Ketsersstraat 6,Appartement,,338000,,,,,0,,,,,, 1.26 are,,0,
 Ketsersstraat 6,Appartement,,338000,,,,,0,,,,,, 1.26 are,,0,
 Rue de la Crête,Villa,,338300,,,,,0,,,,,, 7.73 ares,,0,
,Maison,,340000,,,,,,,,,,, 24 ares,,0,
,Maison,,340408,,,,,,,,,,, 6.97 ares,,0,
 Rue Antoine Nélis,Maison,,345300,,,,,0,,,,,, 5.26 ares,,0,
,Maison,,350000,,,,,0,,,,,,,,0,
 Brialmontlei 68,Appartement,,350000,,1,,,0,,,,,, 4.6 ares,,0,
 Avenue de la reine 271,Appartement,,350000,,,,,0,,,,,,,,0,
 Avenue de la reine 271,Appartement,,350000,,,,,0,,,,,,,,0,
 Rue Antoine Nélis,Maison,,351100,,,,,0,,,,,, 5.7 ares,,0,
 Rue Antoine Nélis,Maison,,354600,,,,,0,,,,,, 5.82 ares,,0,
 Rue de la Botte d'asperges,Villa,,355400,,,,,0,,,,,, 5.38 ares,,0,
 Rue Antoine Nélis,Maison,,355500,,,,,0,,,,,, 5.46 ares,,0,
 Charles de Kerchovelaan 377,Appartement,,358000,,,,,0,,,,,, 4.25 ares,,0,
 Kempstraat 115,Maison,,359000,,,,,0,,,,,, 0.72 are,,0,
 Koning Albertstraat 24,Appartement,,359000,,,,,0,,,,,,,,0,
 Waterloos 14,Maison,,359000,,,,,0,,,,,, 10.68 ares,,0,
 Noordstraat 18,Maison,,360000,,,,,0,,,,,,,,0,
 Veldstraat 30,Maison,,360000,,,,,0,,,,1, 1.46 are, 3.41 ares,,0,
 Rue de la Botte d'asperges,Villa,,360100,,,,,0,,,,,, 6.48 ares,,0,
 Rue de la Botte d'asperges,Villa,,360400,,,,,0,,,,,, 6.71 ares,,0,
 Dijlestraat 52,Loft,,360500,,,,,0,,,,,, 7.8 ares,,0,
 Rue Cléchêne - Rue des Biolettes,Maison,,362500,,,,,0,,,,,, 6.16 ares,,0,
,Appartement,,362500,,,,,0,,,,,,,,0,
,Maison,,365000,,,,,0,,,,,,,,0,
 Hoogstraat 5,Appartement,,365000,,,,,0,,,,,,,,0,
 Rue Antoine Nélis,Maison,,366800,,,,,0,,,,,, 11.18 ares,,0,
 Rue Cléchêne - Rue des Biolettes,Maison,,367800,,,,,0,,,,,, 6.84 ares,,0,
 Rue Cléchêne - Rue des Biolettes,Maison,,368600,,,,,0,,,,,, 6.65 ares,,0,
 Broechemsesteenweg 232,Maison,,369000,,,,,0,,,,,,,,0,
 Eugeen Woutersstraat 34,Rez-de-chaussée,,369000,,,,,0,,,,,,,,0,
 Rue Antoine Nélis,Maison,,369100,,,,,0,,,,,, 5.93 ares,,0,
,Maison,,375000,,,,,0,,,,,,,,0,
 Rue de la Botte d'asperges,Villa,,375500,,,,,0,,,,,, 6.01 ares,,0,
 Rue Antoine Nélis,Maison,,378400,,,,,0,,,,,, 6.22 ares,,0,
 Ouwegemstraat 46,Maison,,379000,,,,,0,,,,,, 8.4 ares,,0,
 Rue du Roi Chevalier  4.2,Appartement,,379000,,,,,0,,,,,,,,0,
,Maison,,380000,,,,,,,,,,, 7.86 ares,,0,
 Rue de la Botte d'asperges,Villa,,382100,,,,,0,,,,,, 7.84 ares,,0,
 Dikkenbos 62,Maison,,385000,,,,,0,,,,,,,,0,
,Villa,,385000,,,,,0,,,,,,,,0,
 Martinegatstraat 14,Maison,,385000,,,,,0,,,,,, 6.27 ares,,0,
 Irène Joliotstraat 30,Maison,,389000,,,,,0,,,,,,,,0,
 avenue des buissonnets 55,Duplex,,389000,,,,,0,,,,1, 1 are, 2.75 ares,,0,
 Luitenant Naeyaertplein 7,Appartement,,390000,,,,,0,,,,,,,,0,
 Le Nouveau Monde 5,Maison,,395000,,,,,0,,,,,, 327.67 ares,,0,
 Kerkplein 2 - 3,Maison,,395000,,,,,0,,,,,, 3.64 ares,,0,
 Jan van Rijswijcklaan 172,Appartement,,398500,,,,,0,,,,,,,,0,
 Kemelstraat 13,Maison,,399000,,,,,0,,,,,, 1.04 are,,0,
 Rue du Roi Chevalier  4.2,Appartement,,399000,,,,,0,,,,,,,,0,
 Distellaan 75,Maison,,399000,,,,,0,,,,1, 0.25 are, 1.22 are,,0,
 Leenstraat 33,Maison,,399000,,,,,0,,,,,, 1.33 are,,0,
 Ingelmunstersteenweg 197,Maison,,399500,,,,,0,,,,,, 18.34 ares,,0,
 Ingelmunstersteenweg 197,Maison,,399500,,,,,0,,,,,, 18.34 ares,,0,
 Rue de la Botte d'asperges,Villa,,404900,,,,,0,,,,,, 8.39 ares,,0,
 Rue de la Botte d'asperges,Villa,,405100,,,,,0,,,,,, 7.73 ares,,0,
 Rue de la Botte d'asperges,Villa,,415200,,,,,0,,,,,, 9.31 ares,,0,
,Appartement,,419000,,,,,0,,,,,,,,0,
,Loft,,419000,,,,,,,,,,,,,0,
 Pouhon 2,Ferme,,420000,,1,,,0,,,,,, 327.67 ares,,0,
 Gravinnestraat 13,Maison,,420000,,,,,0,,,,,, 5.8 ares,,0,
 Zwaluwlaan 21,Maison,,420000,,,,,0,,,,,, 2.96 ares,,0,
,Maison,,420000,,,,,0,,,,,,,,0,
 Franslaan 37A,Appartement,,420000,,,,,0,,,,,, 0.72 are,,0,
 Rue de la Botte d'asperges,Villa,,420400,,,,,0,,,,,, 9.41 ares,,0,
 Koning Albertlei 67,Maison,,425000,,,,,0,,,,1, 3 ares, 4.06 ares,,0,
 Esdoornlaan 10,Villa,,425000,,,,,0,,,,,,,,0,
,Rez-de-chaussée,,425000,,,,,0,,,,,,,,0,
 Chemin de Mons 125,Villa,,425000,,,,,0,,,,,,,,0,
,Maison,,425000,,,,,0,,,,1, 0.8 are, 1.65 are,,0,
 Vosseslag 143,Appartement,,425000,,,,,0,,,,,,,,0,
 Oostrozebekestraat 281,Maison,,429000,,,,,0,,,,,, 8.83 ares,,0,
 Van Immerseelstraat  1F,Maison,,429000,,,,,0,,,,1, 0.92 are, 3.08 ares,,0,
,Maison,,435000,,,,,,,,,,, 2.8 ares,,0,
,Maison,,435000,,,,,,,,,,, 15.05 ares,,0,
 Henri Dunantlaan 22,Immeuble,,435000,,,,,0,,,,,,,,0,
 Bouwelsesteenweg 70,Maison,,439000,,,,,0,,,,,,,,0,
 Doornzelestraat 23-31,Appartement,,441000,,,,,0,,,,,, 65.79 ares,,0,
,Appartement,,445000,,,,,0,,,,,,,,0,
 Leopoldlaan 65,Appartement,,449000,,,,,0,,,,,, 0.75 are,,0,
 Rue Hydraulique 6,Appartement,,449000,,,,,0,,,,,, 4.89 ares,,0,
 Rue de la Résistance 5B,Villa,,450000,,,,,0,,,,1, 27 ares, 28.87 ares,,0,
,Maison,,450000,,,,,0,,,,,,,,0,
 Rue de Paris 12,Ferme,,455000,,,,,0,,,,,, 22 ares,,0,
 Peter Benoitlaan 33,Maison,,460000,,,,,0,,,,1, 1.2 are, 2.27 ares,,0,
,Maison,,470000,,,,,,,,,,, 17 ares,,0,
,Maison,,470000,,,,,,,,,,, 17 ares,,0,
 Grote Markt 53,Appartement,,475000,,,,,0,,,,,,,,0,
 Charles Quint 382,Appartement,,475000,,,,,0,,,,,,,,0,
,Villa,,476500,,,,,,,,,1, 11.5 ares, 11.5 ares,,0,
 Heksestraat 94,Maison,,479000,,,,,0,,,,,,,,0,
,Villa,,479500,,,,,0,,,,,,,,0,
 Aartselaarstraat 27,Maison,,485000,,,,,0,,,,1, 1.52 are, 3.5 ares,,0,
 Achterstraat 124,Appartement,,485000,,,,,0,,,,,,,,0,
 Peeshoek 17c,Villa,,489000,,,,,0,,,,,, 11.53 ares,,0,
 Grote Markt 53,Appartement,,490000,,,,,0,,,,,,,,0,
,Appartement,,490000,,,,,,,,,,,,,0,
,Villa,,495000,,,,,0,,,,,,,,0,
 Grote Markt 53,Appartement,,495000,,,,,0,,,,,,,,0,
 Kloosterstraat 42,Maison,,495000,,,,,0,,,,,, 2.27 ares,,0,
 Naaamsesteenweg 210,Maison,,505000,,,,,0,,,,,,,,0,
 Grote Markt 53,Appartement,,520000,,,,,0,,,,,,,,0,
 Korte Werf 9,Penthouse,,520000,,,,,0,,,,,,,,0,
 Rijksweg 186,Villa,,525000,,,,,0,,,,,, 9.5 ares,,0,
 Rijksweg 186,Villa,,525000,,,,,0,,,,,, 9.5 ares,,0,
 Trapstraat 39,Immeuble,,525000,,,,,0,,,,,, 1.23 are,,0,
 Grote Markt 53,Appartement,,530000,,,,,0,,,,,,,,0,
 Schorrenpad 18,Villa,,530000,,,,,0,,,,,, 11.43 ares,,0,
 Belgiëlei 197,Penthouse,,539000,,,,,0,,,,,,,,0,
 Belgiëlei 197,Penthouse,,539000,,,,,0,,,,,,,,0,
,Maison,,540000,,,,,0,,,,,,,,0,
 Rue de Chambery 50,Duplex,,550000,,,,,0,,,,,, 0.92 are,,0,
 Rue du Mont Saint-Martin 34,Maison,,550000,,,,,0,,,,,, 1.65 are,,0,
,Rez-de-chaussée,,550000,,,,,0,,,,,,,,0,
 Grote Markt 53,Appartement,,560000,,,,,0,,,,,,,,0,
 Schrijbergstraat 56,Villa,,565000,,,,,0,,,,,,,,0,
 Route d'Hacquegnies 45,Immeuble,,565000,,,,,0,,,,,, 35 ares,,0,
 Doornzelestraat 23-31,Maison,,568000,,,,,0,,,,,, 65.79 ares,,0,
 Grote Markt 14,Appartement,,580000,,,,,0,,,,,,,,0,
 Grote Markt 53,Appartement,,580000,,,,,0,,,,,,,,0,
 Wispelbergstraat 3,Appartement,,583000,,,,,0,,,,1, 1.42 are, 2.92 ares,,0,
,Villa,,585000,,,,,0,,,,,,,,0,
,Bungalow,,585000,,,,,0,,,,,,,,0,
,Appartement,,590000,,,,,0,,,,,,,,0,
 Kauwentijnestraat 13,Maison,,592000,,,,,0,,,,,, 20.14 ares,,0,
,Appartement,,595000,,,,,0,,,,,,,,0,
,Maison,,599000,,,,,,,,,,, 40 ares,,0,
,Maison,,600000,,,,,,,,,1, 327.67 ares, 327.67 ares,,0,
,Appartement,,615000,,,,,0,,,,,,,,0,
 Zeedijk 121 - 0301,Appartement,,625000,,,,,0,,,,,, 1.03 are,,0,
 Kroonlaan 22,Villa,,630000,,,,,0,,,,,, 5.41 ares,,0,
,Villa,,645000,,,,,0,,,,,,,,0,
 Adolf Buylstraat 56,Appartement,,645000,,,,,0,,,,,,,,0,
,Maison,,649000,,,,,,,,,,, 30 ares,,0,
 Malehoeklaan 119,Villa,,649000,,,,,0,,,,,, 7.95 ares,,0,
 Achterstraat 12,Villa,,650000,,,,,0,,,,,, 8.95 ares,,0,
 Achterstraat 12,Villa,,650000,,,,,0,,,,,, 8.95 ares,,0,
 Esplanade 21,Maison,,650000,,,,,0,,,,,, 10.45 ares,,0,
,Villa,,650000,,,,,0,,,,,,,,0,
,Penthouse,,650000,,,,,0,,,,,,,,0,
,Appartement,,665000,,,,,,,,,,,,,0,
 Henri Lebbestraat 46,Maison,,665000,,,,,0,,,,,, 6.67 ares,,0,
 Henri Lebbestraat 46,Maison,,665000,,,,,0,,,,,, 6.67 ares,,0,
 zeedijk 69,Appartement,,675000,,,,,0,,,,,, 15 ares,,0,
,Villa,,675000,,,,,0,,,,,,,,0,
,Villa,,675000,,,,,0,,,,,,,,0,
 Paardestraat 39,Maison,,678000,,,,,0,,,,,, 11.34 ares,,0,
 Poletsestraat 34,Maison,,685000,,,,,,,,,,, 34.96 ares,,0,
 Koningin Astridlaan 37C,Appartement,,695000,,,,,0,,,,,,,,0,
 Rue le Tintoret 17,Appartement,,695000,,,,,0,,,,,, 3.3 ares,,0,
 Zeedijk 54/0702,Appartement,,695000,,,,,0,,,,,, 0.87 are,,0,
,Penthouse,,725000,,,,,0,,,,,,,,0,
 Bosstraat 16,Villa,,730000,,,,,0,,,,,,,,0,
,Appartement,,750000,,,,,0,,,,,,,,0,
 Goudenregenpad 3,Villa,,750000,,,,,0,,,,1, 5.06 ares, 5.06 ares,,0,
,Maison,,780000,,,,,0,,,,,,,,0,
 Watermuntstraat 1,Villa,,795000,,,,,0,,,,,,,,0,
 Albert I laan 64E,Appartement,,840000,,,,,0,,,,,, 1.14 are,,0,
,Appartement,,845000,,,,,0,,,,,,,,0,
,Appartement,,845000,,,,,0,,,,,,,,0,
,Appartement,,950000,,,,,0,,,,,,,,0,
,Appartement,,975500,,,,,0,,,,,,,,0,
 De Klerckstraat 1,Appartement,,985000,,,,,0,,,,,, 2.7 ares,,0,
 Prins Albertlei 22,Appartement,,990000,,,,,0,,,,,,,,0,
 Prins Albertlei 22,Appartement,,990000,,,,,0,,,,,,,,0,
 Vilvoordsesteenweg 144,Villa,,990000,,,,,0,,,,,, 17.8 ares,,0,
 Duivenlaan 3,Maison,,075000,,,,,0,,,,,, 1.16 are,,0,
 Groeneweg 167,Maison,,450000,,,,,0,,,,,, 327.67 ares,,0,
 Oostveld Kouter 112,Villa,,495000,,,,,0,,,,,, 94.7 ares,,0,
,Maison,,485000,,,,,0,,,,1, 2 ares, 3.1 ares,,0,
,Villa,,950000,,,,,0,,,,,,,,0,
 Vlietestraat 129,Maison,,Nousconsulter,,,,,0,,,,,,,,0,
,Villa,,Nousconsulter,,,,,0,,,,,,,,0,
,Maison,,Nousconsulter,,,,,0,,,,,,,,0,
 Eksterstraat 40,Villa,,Nousconsulter,,,,,0,,,,,,,,0,
,Maison,,Nousconsulter,,,,,,,,,,, 327.67 ares,,0,
,Villa,,Nousconsulter,,,,,,,,,1, 9.02 ares, 9.02 ares,,0,
 Wakkensesteenweg 16,Maison,,Nousconsulter,,,,,0,,,,,, 11 ares,,0,
 Tier de Rinze  37/13,Mobile,,14000,,,,,0,,,,,, 1.98 are,,0,
 Domaine du Val d'Oise - Allée du Rond Point 192,Maison,,15000,,,,,0,,,,,, 2.32 ares,,0,
 Allée des Merles 130,Chalet,,18000,,1,,,0,,,,,, 2.15 ares,,0,
 Place Frédéric 3,Maison,,20000,,,,,0,,,,,,,,0,
" Tier dè Rinze, Rue des Roses 37/130",Mobile,,25000,,,,,0,,,,,, 2 ares,,0,
 Rue de l'Espinette 21 / 20,Appartement,,39000,,1,,,0,,,,,,,,0,
 Zeedijk 96,Studio,,40000,,1,,,0,,,,,,,,0,
 Rue Quéwette 7,Maison,,40000,,,,,0,,,,,, 3.8 ares,,0,
 Avenue Roosevelt 46/1,Appartement,,45000,,1,,,0,,,,,,,,0,
 Rue de Vierset 143,Maison,,45000,,,,,0,,,,,, 7.55 ares,,0,
 Rue de l'Athénée 16,Maison,,49900,,,,,0,,,,,,,,0,
 Rue de la Montagne 8,Maison,,53000,,,,,0,,,,,, 1.56 are,,0,
 Rogierlaan 20,Studio,,55000,,,,,0,,,,,, 0.45 are,,0,
 Pienshelling 2,Appartement,,55000,,1,,,0,,,,,, 0.31 are,,0,
 Rue de l'Espinette 21,Maison,,58000,,1,,,0,,,,1, 187.08 ares, 187.08 ares,,0,
 Chaussée de Renaix 137,Maison,,60000,,,,,0,,,,,, 3.1 ares,,0,
 Rue de L'Espinette 21 / 37,Maison,,62000,,1,,,0,,,,,, 187.08 ares,,0,
 Rue de L'Espinette 21 / 29,Maison,,62000,,1,,,0,,,,,, 187.08 ares,,0,
 Ruelle Basse 20,Maison,,63000,,,,,0,,,,,, 0.9 are,,0,
 Rue de la Station 37,Maison,,64000,,,,,0,,,,,,,,0,
 Louis De Brouckère  10,Maison,,64000,,,,,0,,,,,, 0.98 are,,0,
,Maison,,69000,,,,,0,,,,,,,,0,
 Rue Sainte-Catherine 13,Maison,,69000,,,,,0,,,,,, 1.55 are,,0,
 Rue Roua 24,Maison,,69000,,,,,0,,,,,,,,0,
 Zeedijk 96-103,Appartement,,69000,,,,,0,,,,,,,,0,
 Henri Jasparlaan 184,Studio,,69900,,,,,0,,,,,,,,0,
 Rue Neuve Chaussée 59,Maison,,70000,,1,,,0,,,,,,,,0,
 Rue du Gouffre 122,Maison,,70000,,,,,0,,,,,,,,0,
 Kruiskensheide 7,Maison,,70000,,1,,,0,,,,,, 0.4 are,,0,
 emile vandervelde 25,Appartement,,70000,,1,,,0,,,,1, 0.8 are, 0.8 are,,0,
 Impasse Hechelet 4,Maison,,72000,,,,,0,,,,,,,,0,
 Jules van den Heuvelstraat 5,Studio,,73000,,,,,0,,,,,,,,0,
 Fafchampstraat 7,Studio,,73900,,,,,0,,,,,, 3.87 ares,,0,
 Chaussée de Châtelet 42,Appartement,,75000,,,,,0,,,,,,,,0,
 Rue Puissant 374,Appartement,,75000,,1,,,,,,,,, 1.81 are,,0,
 Zeedijk 297,Studio,,75000,,,,,0,,,,,,,,0,
 J. Vanden Heuvelstraat 5,Studio,,75000,,,,,0,,,,,,,,0,
 Zeelaan 170,Studio,,75000,,,,,0,,,,,, 45.12 ares,,0,
 Rue Velbruck 6,Studio,,75000,,,,,0,,,,,,,,0,
 Boulevard d'Avroy 142,Studio,,75000,,,,,0,,,,,,,,0,
 Torhoutsesteenweg 36,Studio,,75000,,,,,0,,,,,,,,0,
 Rue Jules Despy 7,Maison,,75900,,,,,0,,,,,,,,0,
 Cour des Haies 29,Maison,,79000,,,,,0,,,,,,,,0,
,Maison,,79000,,,,,,,,,,, 0.95 are,,0,
 Oorlogsinvalidenlaan 3,Studio,,79000,,,,,0,,,,,,,,0,
 Alexandre Ponchonstraat 11,Studio,,79000,,,,,0,,,,,,,,0,
 Parklaan 3,Studio,,79000,,,,,0,,,,,,,,0,
 Rue Duval 36,Maison,,79000,,1,,,0,,,,,, 1.83 are,,0,
 Chaussée Freddy Terwagne 101,Maison,,79500,,,,,0,,,,,, 1.2 are,,0,
 Rue du Broux 45,Maison,,79500,,,,,0,,,,,, 1.16 are,,0,
 Duinkerkelaan 54,Studio,,79900,,,,,0,,,,,, 2.5 ares,,0,
 Weststraat 21,Studio,,80000,,,,,0,,,,,,,,0,
 Blokstraat,Maison,,80000,,1,,,0,,,,,, 1.2 are,,0,
 Rue Vinâve 36,Studio,,80000,,,,,0,,,,,,,,0,
 Franslaan 104,Studio,,80000,,,,,0,,,,,, 0.26 are,,0,
 Motstraat 50,Maison,,80000,,1,,,0,,,,,, 3.93 ares,,0,
 Motstraat 50,Maison,,80000,,1,,,0,,,,,, 3.93 ares,,0,
 De Smet de Naeyerlaan 24,Appartement,,82500,,1,,,0,,,,,, 0.44 are,,0,
 Zeedijk 169,Studio,,82500,,,,,0,,,,,,,,0,
 Zeedijk 98,Appartement,,85000,,,,,,,,,,,,,0,
 Leopoldlaan 137,Studio,,85000,,1,,,0,,,,,,,,0,
 De Grote Zeemeeuwen 110,Bungalow,,85000,,1,,,0,,,,,,,,0,
 richard heintz,Immeuble,,85000,,,,,0,,,,,,,,0,
 Leopoldlaan 118,Studio,,85000,,,,,0,,,,,,,,0,
 Rue de Gilly 764,Maison,,85000,,,,,0,,,,,, 4 ares,,0,
 rue de la carpe  11,Appartement,,85000,,1,,,0,,,,,,,,0,
 rue de la carpe  11,Maison,,85000,,1,,,0,,,,,,,,0,
 Rue D'Offignies 55,Maison,,85000,,1,,,0,,,,,,,,0,
 Zeelaan 170,Studio,,86500,,,,,0,,,,,, 44.52 ares,,0,
 Franslaan 100,Studio,,87000,,,,,0,,,,,,,,0,
 Franslaan 100,Studio,,87000,,,,,0,,,,,,,,0,
 Rue des Masuirs 225,Maison,,87500,,,,,0,,,,,, 6.5 ares,,0,
 de Limburg Stirumstraat 24,Appartement,,89000,,,,,,,,,,,,,0,
 Ruyffelaerekoer 20,Maison,,89000,,,,,0,,,,,, 0.82 are,,0,
 Rue de l'Industrie 43,Maison,,89000,,,,,0,,,,,,,,0,
 Chaussée de Tongres 128,Maison,,89500,,,,,0,,,,,, 1.84 are,,0,
 Rue sur Meuse  35,Appartement,,89900,,,,,0,,,,,,,,0,
 rue de Namur 18,Maison,,90000,,,,,0,,,,1, 1.97 are, 2.6 ares,,0,
 Cité Bourdon 5,Maison,,92000,,,,,0,,,,,,,,0,
 Paul de Smet de Naeyerstraat 34,Studio,,92000,,,,,0,,,,,,,,0,
 Montagne Sainte-Walburge 6,Studio,,92500,,,,,0,,,,,,,,0,
 Rue du Panorama 190,Maison,,92500,,1,,,0,,,,,, 0.35 are,,0,
 Rue Président Wilson,Studio,,95000,,,,,0,,,,,,,,0,
 Oude Vestingsstraat 15,Kot,,95000,,1,,,0,,,,,,,,0,
 zeedijk 336,Studio,,95000,,,,,,,,,,,,,0,
 Koninginnelaan 2A,Appartement,,95000,,1,,,0,,,,,,,,0,
 Montagne Sainte-Walburge 6,Appartement,,95000,,1,,,0,,,,,,,,0,
 Rue Adelson Castiaux 192,Maison,,95000,,,,,0,,,,1, 0.6 are, 2.1 ares,,0,
 Rue de la Duchère 81,Maison,,95000,,,,,0,,,,,, 1.8 are,,0,
 Rue Julien Durant 63,Maison,,95000,,,,,0,,,,,, 1.8 are,,0,
 Rue Président Wilson,Studio,,95600,,,,,0,,,,,,,,0,
 Leopoldlaan 135,Studio,,98000,,1,,,0,,,,,,,,0,
 Kinderlaan  69,Maison,,98000,,,,,0,,,,,,,,0,
,Studio,,99000,,1,,,0,,,,,,,,0,
,Appartement,,99000,,,,,0,,,,,,,,0,
,Maison,,99000,,,,,0,,,,,,,,0,
 Rue de Bruxelles 45,Maison,,99000,,,,,0,,,,,,,,0,
 Chaussée de Gilly 167,Maison,,99000,,,,,0,,,,,,,,0,
,Maison,,99000,,,,,,,,,,,,,0,
 Sint-Jansplein 58,Appartement,,99000,,1,,,0,,,,,,,,0,
 Sint-Jansplein 58,Penthouse,,99000,,1,,,0,,,,,,,,0,
 Leopoldlaan 137,Studio,,99000,,,,,0,,,,,,,,0,
 Paul De Smet De Naeyerstraat 34,Studio,,99000,,,,,0,,,,,,,,0,
 Vakantiestraat  3,Studio,,99000,,,,,0,,,,,,,,0,
 Quai du Barbou 37,Maison,,99000,,1,,,0,,,,,,,,0,
 Rue Henri Van Cutsem 18,Maison,,99000,,,,,0,,,,,, 2.7 ares,,0,
 Rue Biez du Moulin 133,Maison,,99000,,,,,0,,,,,, 1.3 are,,0,
 Rue Remi Cogghe 3,Maison,,99000,,,,,0,,,,,, 0.63 are,,0,
 Kipdorp 61,Studio,,99000,,1,,,0,,,,,,,,0,
 Rue des Remparts 53,Maison,,99000,,,,,0,,,,,,,,0,
 Rue de Gilly 179,Maison,,99000,,,,,0,,,,,, 0.9 are,,0,
 Koninginnelaan 20,Studio,,99500,,,,,0,,,,,, 8.26 ares,,0,
 Montagne Sainte-Walburge 6,Appartement,,99500,,1,,,0,,,,,,,,0,
 Rue Basse Marquet 31,Maison,,99500,,,,,0,,,,,, 1.9 are,,0,
 Rue de Morges 2/32,Appartement,,99500,,1,,,0,,,,,,,,0,
 Lange Lozanastraat 233,Appartement,,99500,,1,,,0,,,,,,,,0,
 Rue Reynier 3,Appartement,,99900,,1,,,0,,,,,,,,0,
,Rez-de-chaussée,,100000,,1,,,0,,,,,,,,0,
 Rue des Haies 105/3,Appartement,,100000,,,,,0,,,,,,,,0,
 Rue des Marmozets 11,Maison,,100000,,,,,0,,,,,,,,0,
 Rue de l'Incroyable 117,Maison,,100000,,,,,0,,,,1, 3 ares, 4.05 ares,,0,
 Rue Vinâve 36,Appartement,,100000,,1,,,0,,,,,,,,0,
 Rue Vinâve 36,Appartement,,100000,,1,,,0,,,,,,,,0,
 Koning Albert-I-laan 14,Appartement,,100000,,1,,,0,,,,,, 1.45 are,,0,
 Koninklijke Baan 359,Rez-de-chaussée,,100000,,1,,,0,,,,,, 0.45 are,,0,
 Rue Président Wilson,Studio,,101600,,,,,0,,,,,,,,0,
 rue fond saint anne,Appartement,,105000,,1,,,0,,,,,,,,0,
,Maison,,105000,,1,,,0,,,,,,,,0,
 Rue du Couvent 17,Maison,,105000,,,,,0,,,,,,,,0,
 Parklaan 21,Studio,,105000,,,,,0,,,,,,,,0,
 Jean van Hinsberghstraat 29,Studio,,105000,,,,,0,,,,,,,,0,
 Vakantiestraat 3,Studio,,105000,,,,,0,,,,,,,,0,
 Place des Combattants 13,Maison,,105000,,,,,0,,,,,, 0.55 are,,0,
 Rue à Paniers 15,Maison,,105000,,1,,,0,,,,,, 2.4 ares,,0,
 Zeedijk 96,Appartement,,105000,,,,,0,,,,,,,,0,
 Rue du Roitelet 77,Maison,,105000,,,,,0,,,,,, 1.27 are,,0,
 J. Casselaan  18 ,Studio,,107000,,,,,0,,,,,,,,0,
 Maurice Dumont 13,Maison,,108000,,,,,0,,,,,, 12.5 ares,,0,
,Appartement,,109000,,,,,0,,,,,,,,0,
 avenue Louis Libert 9/,Immeuble,,109000,,1,,,,,,,,, 5.46 ares,,0,
 boulevard mettewie 44,Studio,,109000,,,,,0,,,,,,,,0,
 Rue aux Laines 22,Appartement,,109000,,1,,,0,,,,,,,,0,
 Koninklijke Baan 65,Appartement,,109000,,1,,,0,,,,,, 3.06 ares,,0,
 Zeelaan 158,Studio,,109000,,,,,0,,,,,, 98.23 ares,,0,
 Italiëlei 11,Kot,,109000,,1,,,0,,,,,,,,0,
 rue de la carpe  9,Maison,,109000,,,,,0,,,,,,,,0,
 Derbylaan 72,Appartement,,109000,,1,,,0,,,,,,,,0,
 Koninklijke Baan 359,Appartement,,109000,,1,,,0,,,,,, 36.48 ares,,0,
 Marie-Josélaan 6,Appartement,,109000,,1,,,0,,,,,,,,0,
 Ives-Sabin Maghermanlaan 30,Maison,,110000,,,,,0,,,,,, 0.7 are,,0,
 Raversijdestraat 27,Appartement,,110000,,1,,,0,,,,,,,,0,
 Zeedijk 262,Studio,,110000,,1,,,0,,,,,,,,0,
 rue de bethleem  124,Appartement,,110000,,,,,0,,,,,,,,0,
 Prof. Blanchardlaan 10,Rez-de-chaussée,,110000,,,,,0,,,,,, 100.36 ares,,0,
 Quai de la Dérivation 28,Appartement,,110000,,,,,0,,,,,,,,0,
 Rue d'Armentières 13,Maison,,110000,,,,,0,,,,,, 1.7 are,,0,
 Quartier du Mayeur 52,Maison,,110000,,1,,,0,,,,,, 8.96 ares,,0,
 Chevauchoire de Viane 11,Maison,,110000,,,,,0,,,,,, 1.48 are,,0,
 chaussée de Tournai 311,Maison,,110000,,,,,0,,,,,, 5.67 ares,,0,
 Grand'Rue 97,Appartement,,110000,,,,,0,,,,,,,,0,
 Grand'Rue 97,Appartement,,110000,,,,,0,,,,,,,,0,
 emile vandervelde 25,Appartement,,110000,,1,,,0,,,,1, 0.8 are, 0.8 are,,0,
 Place Saint-Lazare 5,Appartement,,110000,,1,,,0,,,,,,,,0,
 Antoine Van Cailliestraat 20,Studio,,112000,,,,,0,,,,,,,,0,
 Cyriel de Grootelaan 40,Studio,,112000,,,,,0,,,,,,,,0,
,Appartement,,112500,,1,,,,,,,,, 0.43 are,,0,
,Maison,,112500,,1,,,,,,,,, 0.43 are,,0,
 rue principale 11,Bungalow,,115000,,,,,0,,,,,,,,0,
 Zeedijk 355,Studio,,115000,,,,,0,,,,,,,,0,
,Duplex,,115000,,,,,0,,,,,,,,0,
 Place Gossart 16,Maison,,115000,,,,,0,,,,,, 5.9 ares,,0,
,Maison,,115000,,,,,,,,,,, 8.8 ares,,0,
 Henri Jasparlaan 184,Appartement,,115000,,1,,,0,,,,,,,,0,
 Avenue des Fossés 5,Appartement,,115000,,1,,,0,,,,,,,,0,
 Place Saint-Lazare 5,Appartement,,115000,,1,,,0,,,,,,,,0,
 Pienshelling 2/,Studio,,115000,,,,,0,,,,,, 0.38 are,,0,
 Rue de Bascoup 117,Maison,,115000,,,,,0,,,,,, 1.13 are,,0,
 Dynastielaan  44,Studio,,115000,,,,,0,,,,,,,,0,
 de l'égalité 1,Appartement,,117000,,,,,0,,,,,,,,0,
 de l'égalité 1,Maison,,117000,,,,,0,,,,,,,,0,
 Rue de la Dendre 7,Maison,,118000,,,,,0,,,,,, 1.6 are,,0,
 Koninklijke Baan 359,Appartement,,118000,,1,,,0,,,,,, 36.48 ares,,0,
 Helenalei 26,Studio,,119000,,1,,,0,,,,,,,,0,
 Essex Scottishlaan 70,Studio,,119000,,,,,0,,,,,,,,0,
 Kerkstraat 225,Appartement,,119000,,1,,,0,,,,,,,,0,
 Rue Jean-Baptiste Vanpé 55,Appartement,,119000,,1,,,0,,,,,,,,0,
 A. Ponchonstraat 14,Studio,,119000,,1,,,0,,,,,,,,0,
 Rue du Vieux Moulin 124,Maison,,119000,,,,,0,,,,,,,,0,
,Appartement,,119000,,,,,0,,,,,,,,0,
 Leopoldlaan 139,Studio,,119000,,,,,0,,,,,,,,0,
 Bourse de Louvain 14,Maison,,119000,,,,,0,,,,,, 2.2 ares,,0,
 Zonnestraat 151,Maison,,119500,,,,,0,,,,,, 1.8 are,,0,
 Zonnestraat 151,Maison,,119500,,,,,0,,,,,, 1.8 are,,0,
 Koninklijke Baan 2,Maison,,119500,,,,,,,,,,,,,0,
 Langestraat 46,Maison,,119500,,,,,0,,,,,, 4.78 ares,,0,
 Rue du Touquet 206,Maison,,119900,,1,,,0,,,,,, 0.59 are,,0,
 Rue de la Lune 6,Maison,,120000,,,,,0,,,,,, 3.5 ares,,0,
 Rue Gustave Baivy 15,Maison,,120000,,,,,0,,,,,,,,0,
 Troonstraat 26,Studio,,120000,,,,,0,,,,,,,,0,
 ramoux 15,Maison,,120000,,,,,0,,,,,,,,0,
 Rue de la Station 79,Maison,,120000,,,,,0,,,,,,,,0,
,Appartement,,120000,,1,,,,,,,,,,,0,
 Doorniksesteenweg 3C,Appartement,,120000,,,,,0,,,,,, 1.24 are,,0,
 Rue de l'Arbois 10,Maison,,120000,,,,,0,,,,1, 1.45 are, 3.55 ares,,0,
 Rue Louis Lenoir Scaillet 5,Maison,,120000,,,,,0,,,,,, 0.7 are,,0,
 Rue de l'Enseignement 97,Maison,,120000,,,,,0,,,,,, 0.49 are,,0,
 Rue Namont 101,Maison,,120000,,,,,0,,,,,, 0.58 are,,0,
 Montagne Sainte-Walburge 6,Appartement,,120000,,1,,,0,,,,,,,,0,
 Montagne Sainte-Walburge 6,Appartement,,120000,,1,,,0,,,,,,,,0,
 Rue de la Vieille Fosse 47,Maison,,120000,,,,,0,,,,1, 0.15 are, 0.55 are,,0,
 Grand'Rue d'Acren 24,Maison,,120000,,,,,0,,,,,, 6.7 ares,,0,
 Chaussée de Bruxelles 415,Maison,,120000,,,,,0,,,,1, 4 ares, 4 ares,,0,
 Koninklijke Baan 359,Appartement,,120000,,1,,,0,,,,,, 36.48 ares,,0,
 emile vandervelde 25b,Appartement,,120000,,1,,,0,,,,,,,,0,
 Boekareststraat 5,Appartement,,124000,,1,,,0,,,,,,,,0,
 Europagalerij 5,Studio,,124000,,,,,0,,,,,,,,0,
 Pachtersstraat 22,Maison,,124900,,,,,0,,,,,, 1.45 are,,0,
 Kroonstraat 167,Immeuble,,124900,,1,,,0,,,,,,,,0,
 Fontaine Saint-Jean,Appartement,,125000,,1,,,0,,,,,,,,0,
 Fontaine Saint-Jean,Appartement,,125000,,1,,,0,,,,,,,,0,
,Maison,,125000,,,,,,,,,,, 3.31 ares,,0,
 Graaf Jansdijk 15,Appartement,,125000,,,,,,,,,,,,,0,
,Maison,,125000,,,,,0,,,,,,,,0,
 Zeedijk-Heist 166,Studio,,125000,,1,,,0,,,,,,,,0,
 Kaïrostraat 1,Appartement,,125000,,1,,,0,,,,,,,,0,
 Christinastraat 96,Appartement,,125000,,,,,0,,,,,,,,0,
 Blijde Inkomststraat 1,Appartement,,125000,,1,,,0,,,,,,,,0,
,Maison,,125000,,,,,0,,,,,,,,0,
 Route de Mons 141,Rez-de-chaussée,,125000,,1,,,0,,,,,,,,0,
 Rue de la Princesse 221,Maison,,125000,,,,,0,,,,,,,,0,
 Esplanade de la paix 6,Appartement,,125000,,,,,0,,,,,,,,0,
 Rue du Thier à Liège 9,Maison,,125000,,,,,0,,,,,, 1.53 are,,0,
 Noordlaan 51,Penthouse,,125000,,1,,,0,,,,,,,,0,
 Vlaanderenstraat 2,Appartement,,125000,,1,,,0,,,,,,,,0,
 Alexandre Ponchonstraat 14,Studio,,125000,,,,,0,,,,,,,,0,
 Rue de la Colline 47,Maison,,125000,,,,,0,,,,,,,,0,
 Montagne Sainte-Walburge 6,Appartement,,125000,,1,,,0,,,,,,,,0,
 Kattelijnestraat lv 29,Maison,,125000,,,,,0,,,,,, 32.11 ares,,0,
 Oude Kleerkopersstraat 2,Maison,,125000,,,,,0,,,,,, 0.46 are,,0,
 Zeedijk 96,Appartement,,125000,,1,,,0,,,,,,,,0,
 Vaartstraat 42,Appartement,,125000,,1,,,0,,,,,,,,0,
 Schoolstraat 8,Maison,,125000,,,,,0,,,,,, 0.75 are,,0,
 Vaartstraat 42,Appartement,,125000,,1,,,0,,,,,,,,0,
 Rue Brogniez 68,Appartement,,125000,,1,,,0,,,,,,,,0,
 Rue de la Fontaine 2,Maison,,126000,,,,,0,,,,1, 1.4 are, 4.4 ares,,0,
 Koninklijke Baan 359,Appartement,,126500,,1,,,0,,,,,, 36.48 ares,,0,
 Rue de la Gare 26,Maison,,127500,,,,,0,,,,,,,,0,
 Het Veld 54,Maison,,128000,,,,,0,,,,,,,,0,
,Maison,,128000,,,,,0,,,,1, 8.1 ares, 8.1 ares,,0,
,Maison,,128000,,,,,0,,,,1, 3.4 ares, 3.4 ares,,0,
 Rue des Brailles 9,Maison,,128000,,,,,0,,,,,, 4.43 ares,,0,
 Alexandre Ponchonstraat 8,Studio,,129000,,1,,,0,,,,,,,,0,
,Triplex,,129000,,,,,0,,,,,,,,0,
 Elisalaan 27,Studio,,129000,,,,,0,,,,,,,,0,
,Maison,,129000,,,,,0,,,,,,,,0,
,Duplex,,129000,,,,,0,,,,,,,,0,
 Antoine van Cailliestraat 18,Appartement,,129000,,1,,,0,,,,,,,,0,
 Herentalsebaan 384,Appartement,,129000,,1,,,0,,,,,,,,0,
 Langestraat 39,Appartement,,129000,,1,,,0,,,,,,,,0,
 Plantin en Moretuslei 192,Appartement,,129000,,1,,,0,,,,,,,,0,
 Rue François-Joseph Navez 45,Appartement,,129000,,1,,,0,,,,,,,,0,
 Rue des Français 90,Maison,,129000,,,,,0,,,,,,,,0,
 Boulevard Frans Dewandre 10,Appartement,,129000,,,,,0,,,,,,,,0,
 Rue Edmond de Grimberghe 38 D,Appartement,,129000,,1,,,0,,,,,,,,0,
 Plantinstraat 23,Appartement,,129000,,,,,0,,,,,, 16.14 ares,,0,
 Rue Jonet 200,Appartement,,129000,,,,,0,,,,,,,,0,
 Rue Saint-Jean 13,Maison,,129000,,,,,0,,,,,, 1.65 are,,0,
 Rue de la Station 71,Appartement,,129000,,1,,,0,,,,,,,,0,
 Rue de Marcasse 44,Maison,,129000,,,,,0,,,,,, 2.2 ares,,0,
 Elisalaan 29,Studio,,129000,,1,,,0,,,,,, 0.35 are,,0,
 Fontaine Saint-Jean,Appartement,,129500,,,,,0,,,,,,,,0,
 Fontaine Saint-Jean,Appartement,,129500,,,,,0,,,,,,,,0,
 Fraiture 40,Appartement,,129500,,,,,0,,,,,,,,0,
 Lange Lozanastraat  233,Appartement,,129900,,1,,,0,,,,,,,,0,
,Appartement,,130000,,,,,0,,,,,,,,0,
 Koningin Astridlaan 15,Studio,,130000,,,,,0,,,,,,,,0,
 Rue de Veeweyde 148,Appartement,,130000,,,,,0,,,,,,,,0,
 Leffingestraat 135F,Appartement,,130000,,,,,0,,,,,,,,0,
,Maison,,130000,,,,,0,,,,1, 1.22 are, 1.22 are,,0,
 Rue de la Vallée 138,Appartement,,130000,,,,,0,,,,,,,,0,
 Sint-Idesbaldusstraat 17,Rez-de-chaussée,,130000,,,,,0,,,,,, 2.46 ares,,0,
 Franslaan 57,Studio,,130000,,,,,0,,,,,,,,0,
 Montagne Sainte-Walburge 6,Appartement,,130000,,1,,,0,,,,,,,,0,
 Professor Blanchardlaan 12,Studio,,130000,,1,,,0,,,,,, 0.4 are,,0,
 Sint-Sebastiaansstraat 3,Appartement,,130000,,1,,,0,,,,,,,,0,
 Avenue Jean Dubrucq 86,Appartement,,130000,,1,,,0,,,,,,,,0,
,Studio,,132000,,,,,0,,,,,,,,0,
 Distellaan 79,Appartement,,133000,,,,,0,,,,,,,,0,
 Kaai 3,Appartement,,134000,,1,,,0,,,,,,,,0,
 Rue Nos Cisses 13,Maison,,134000,,,,,0,,,,1, 49.2 ares, 49.2 ares,,0,
 Chaussée de Wervicq 55,Maison,,134900,,,,,0,,,,,, 1.81 are,,0,
 Lijnbaanstraat 63,Appartement,,135000,,1,,,,,,,,,,,0,
 Rue de la Motte 121,Maison,,135000,,,,,0,,,,,, 2.3 ares,,0,
 GENTSESTRAAT 105,Appartement,,135000,,,,,0,,,,,,,,0,
 APPELTERRE-DORP 25,Maison,,135000,,,,,0,,,,,, 0.91 are,,0,
 Rue Trenchon 61,Maison,,135000,,,,,0,,,,,, 3.5 ares,,0,
 Rue Jules Lebrun 2,Studio,,135000,,1,,,0,,,,,,,,0,
 Dynastielaan 34,Studio,,135000,,,,,0,,,,,, 0.38 are,,0,
 Kortrijkseweg 133,Appartement,,135000,,1,,,0,,,,,,,,0,
 Zeedijk 34,Studio,,135000,,,,,0,,,,,,,,0,
 Rue Général Freyberg 14,Maison,,135000,,,,,0,,,,,, 0.7 are,,0,
 Porte d'Ogy 56,Maison,,135000,,,,,0,,,,,, 1.2 are,,0,
 Cité des Bois 36,Maison,,135000,,,,,0,,,,1, 3.88 ares, 4.65 ares,,0,
,Bungalow,,135000,,1,,,0,,,,1, 3.6 ares, 4.6 ares,,0,
 grande  89,Maison,,135000,,,,,0,,,,,,,,0,
 avenue  roi albert  718,Maison,,135000,,,,,0,,,,,,,,0,
 Plakkersstraat 67,Appartement,,135000,,1,,,0,,,,,,,,0,
 Rue Président Wilson,Appartement,,135600,,1,,,0,,,,,,,,0,
,Maison,,135900,,,,,0,,,,,,,,0,
 grand rue  92,Appartement,,136000,,,,,0,,,,,,,,0,
 Van Haelenstraat 10,Appartement,,137000,,,,,0,,,,,, 2.4 ares,,0,
 Essex Scottishlaan 51,Studio,,137000,,,,,0,,,,,,,,0,
 Essex Scottishlaan 53,Studio,,137000,,,,,0,,,,,,,,0,
 Essex Scottishlaan 53,Studio,,137000,,,,,0,,,,,,,,0,
 Brugsevaart 40,Appartement,,137500,,1,,,0,,,,,,,,0,
,Maison,,137500,,,,,0,,,,,,,,0,
 Rue Francois-Joseph Peterinck 7,Appartement,,138000,,1,,,0,,,,,,,,0,
,Appartement,,138000,,1,,,,,,,,,,,0,
,Appartement,,138000,,,,,,,,,,,,,0,
 Rue du Corbeau 21,Maison,,138500,,,,,0,,,,,, 8.22 ares,,0,
 Dorpsstraat 89,Appartement,,139000,,,,,0,,,,,,,,0,
 Graaf Jansstraat 4,Studio,,139000,,,,,0,,,,,,,,0,
 Rue du Rond Point 72,Maison,,139000,,,,,0,,,,,,,,0,
 Molendam 11,Maison,,139000,,,,,0,,,,,, 0.76 are,,0,
 Boulevard Émile Bockstael 173,Appartement,,139000,,1,,,0,,,,,,,,0,
,Appartement,,139000,,,,,0,,,,,,,,0,
,Rez-de-chaussée,,139000,,,,,0,,,,,,,,0,
 Rue de Plainevaux 327,Maison,,139000,,,,,0,,,,1, 0.72 are, 0.72 are,,0,
 Borsu 22,Maison,,139000,,,,,0,,,,,,,,0,
 Paul Orbanpromenade 3,Studio,,139000,,,,,0,,,,,,,,0,
 Kortrijksesteenweg 242,Appartement,,139000,,1,,,0,,,,,,,,0,
 Europagalerij 2,Appartement,,139000,,1,,,0,,,,,,,,0,
 Rue du Pont 29,Maison,,139000,,,,,0,,,,,, 3.22 ares,,0,
 Essex Scottishlaan 53,Studio,,139000,,,,,0,,,,,,,,0,
 Veurnestraat 13F,Studio,,139000,,,,,0,,,,,,,,0,
 Rue Saint-Fiacre 119,Maison,,139000,,,,,0,,,,,,,,0,
 Chemin du Calvaire 22,Chalet,,139000,,,,,0,,,,,,,,0,
 Essex Scottishlaan 53,Studio,,139000,,,,,0,,,,,,,,0,
 Essex Scottishlaan 51,Studio,,139000,,,,,0,,,,,,,,0,
 Krommedijk 53-57,Appartement,,139000,,1,,,0,,,,,,,,0,
 Chaussée Impériale 151,Appartement,,139000,,,,,0,,,,,, 4.06 ares,,0,
 Domaine Vincent van Gogh 49,Maison,,139000,,,,,0,,,,,,,,0,
 Henri Choméstraat 59,Studio,,139000,,1,,,0,,,,,,,,0,
 Henri Choméstraat 59,Appartement,,139000,,1,,,0,,,,,,,,0,
 Fontaine Saint-Jean,Appartement,,139500,,,,,0,,,,1, 1 are,,,0,
 Fontaine Saint-Jean,Appartement,,139500,,,,,0,,,,1, 1 are,,,0,
 Fontaine Saint-Jean,Appartement,,139500,,,,,0,,,,1, 1 are,,,0,
 Eilandstraat 1,Maison,,139500,,,,,0,,,,,, 0.75 are,,0,
 Voorzienigheidsstraat  3,Maison,,139500,,,,,0,,,,,, 0.6 are,,0,
 Montagne Sainte-Walburge 6,Appartement,,139500,,,,,0,,,,,,,,0,
 Rue Entre-Deux-Portes 6,Appartement,,139500,,,,,0,,,,,, 2.45 ares,,0,
 Rue Entre-Deux-Portes 6,Appartement,,139500,,1,,,0,,,,,, 2.45 ares,,0,
 Rue du Port 120,Appartement,,139500,,,,,0,,,,,,,,0,
 Sint-Catharinaplein 23,Appartement,,139750,,,,,0,,,,,,,,0,
 Rue d'Armentières 381A,Maison,,139900,,,,,0,,,,,, 5.36 ares,,0,
 Rue Neuve 46,Maison,,139900,,,,,0,,,,,, 1.42 are,,0,
 Koningsstraat 70-72,Appartement,,139990,,1,,,0,,,,,,,,0,
" Route de Durbuy, Bloc B",Appartement,,140000,,1,,,0,,,,,,,,0,
 Vakantiestraat 3,Studio,,140000,,,,,0,,,,,,,,0,
 rue bois de la ville 174,Maison,,140000,,,,,0,,,,,,,,0,
,Duplex,,140000,,,,,0,,,,,,,,0,
 Place Albert 1er 28 et 29,Maison,,140000,,,,,0,,,,,, 1.1 are,,0,
,Appartement,,140000,,,,,0,,,,,,,,0,
 Rue Grégoire Wincqz 32,Maison,,140000,,,,,0,,,,,, 2.4 ares,,0,
 J. Casselaan 32,Studio,,140000,,,,,0,,,,,,,,0,
 Rue Vigneux 21,Maison,,140000,,,,,0,,,,1, 5 ares, 6.14 ares,,0,
 Rue d'Hornu 131,Maison,,140000,,,,,0,,,,1, 1 are, 1.6 are,,0,
 Rue Haut -Vinâve  70,Maison,,140000,,,,,0,,,,1, 0.3 are, 12.05 ares,,0,
 Grand'Rue 97,Appartement,,140000,,,,,0,,,,,,,,0,
" Route de Durbuy, Bloc B",Appartement,,140000,,1,,,0,,,,,,,,0,
 Bosweg 27,Maison,,140000,,,,,0,,,,,, 2.02 ares,,0,
,Maison,,142000,,,,,0,,,,1, 3.18 ares,,,0,
 Avenue de Roodebeek 16,Studio,,142000,,,,,0,,,,,,,,0,
 Essex Scottishlaan 53,Studio,,142500,,,,,0,,,,,,,,0,
 Essex Scottishlaan 53,Studio,,142500,,,,,0,,,,,,,,0,
 Kursaallaan 21,Appartement,,143000,,,,,0,,,,,, 1.59 are,,0,
 Rue Entre-les-Ponts 9,Appartement,,143405,,1,,,0,,,,,, 0.84 are,,0,
 Brugse Vaart 40C,Rez-de-chaussée,,144000,,1,,,0,,,,,,,,0,
 Rue Brixhe 3,Immeuble,,144500,,,,,0,,,,,, 0.7 are,,0,
 Rue des comptes de salm 16,Maison,,144500,,,,,0,,,,,, 1.51 are,,0,
 Rue Jules Mélotte/Rue du Pousset,Appartement,,145000,,1,,,0,,,,,,,,0,
 Alexandre Ponchonstraat 11,Appartement,,145000,,1,,,0,,,,,,,,0,
,Appartement,,145000,,,,,0,,,,,,,,0,
 Brugsevaart 40,Duplex,,145000,,1,,,0,,,,,,,,0,
 Osbroekstraat 14,Maison,,145000,,,,,0,,,,,,,,0,
 Jozef II-Straat 20,Appartement,,145000,,1,,,0,,,,,,,,0,
 Rue des Ecoles,Maison,,145000,,,,,0,,,,,,,,0,
 raversijdestraat 22,Appartement,,145000,,1,,,,,,,,,,,0,
,Maison,,145000,,,,,0,,,,,,,,0,
 Rue du Grand Orme 3,Appartement,,145000,,,,,0,,,,,,,,0,
,Studio,,145000,,,,,0,,,,,,,,0,
 Rue Florian Montagne 110,Maison,,145000,,,,,0,,,,,, 1.2 are,,0,
 Rue Émile Vandervelde 310,Maison,,145000,,,,,0,,,,,, 9.8 ares,,0,
,Appartement,,145000,,,,,,,,,,,,,0,
 dries 73,Maison,,145000,,,,,0,,,,,, 0.6 are,,0,
 Johannastraat 1-3,Appartement,,145000,,1,,,0,,,,,,,,0,
 Fabiolaplein 3,Studio,,145000,,,,,0,,,,,, 0.67 are,,0,
 Montagne Sainte-Walburge 6,Appartement,,145000,,,,,0,,,,,,,,0,
 Montagne Sainte-Walburge 6,Appartement,,145000,,,,,0,,,,,,,,0,
 Hugo Verrieststraat 20,Maison,,145000,,,,,0,,,,,, 1.4 are,,0,
 Domaine du Pierreux 64-65,Chalet,,145000,,,,,0,,,,,, 12.03 ares,,0,
 Felix Timmermanslaan 12 ,Appartement,,145000,,1,,,0,,,,,,,,0,
 Franslaan 57,Studio,,145000,,,,,0,,,,,,,,0,
 Vooruitgangstraat 217-219,Studio,,145000,,,,,0,,,,,,,,0,
 Werkhuisstraat 7,Kot,,145000,,1,,,0,,,,,,,,0,
 Brugsevaart 40,Appartement,,147000,,1,,,0,,,,,,,,0,
 Rue Brogniez 158,Studio,,147500,,1,,,0,,,,,,,,0,
 Leeuwerikenstraat 41,Immeuble,,148000,,,,,0,,,,,, 0.35 are,,0,
 Rue des Esses 11,Appartement,,148500,,,,,0,,,,,, 0.5 are,,0,
 Rue des Esses 11,Maison,,148500,,,,,0,,,,,, 0.5 are,,0,
 Chaussée Roosevelt 21-22,Appartement,,148500,,1,,,0,,,,,,,,0,
 Rue Président Wilson,Appartement,,149000,,1,,,0,,,,,,,,0,
 Raversijdestraat 56,Appartement,,149000,,1,,,0,,,,,,,,0,
 Ollevierlaan 31,Appartement,,149000,,,,,,,,,,,,,0,
 Zeedijk 135,Studio,,149000,,,,,0,,,,,,,,0,
 Struikenstraat 20,Appartement,,149000,,,,,0,,,,,,,,0,
 Vergeet-mij-nietjeslaan 16,Appartement,,149000,,,,,0,,,,,,,,0,
 Albertushelling 1,Appartement,,149000,,1,,,0,,,,,,,,0,
 Raversijdestraat 22,Appartement,,149000,,,,,0,,,,,,,,0,
 Route de Mons 141,Duplex,,149000,,,,,0,,,,,,,,0,
 Chausseé de Châtelet  66,Appartement,,149000,,,,,0,,,,,,,,0,
,Maison,,149000,,,,,,,,,,, 2.75 ares,,0,
,Maison,,149000,,,,,,,,,,, 5.03 ares,,0,
 Stationsstraat 3,Appartement,,149000,,1,,,0,,,,,, 0.5 are,,0,
 Avenue de Péville 184,Appartement,,149000,,,,,0,,,,,,,,0,
 Lange Brilstraat 16,Appartement,,149000,,,,,0,,,,,,,,0,
 Zeedijk  257,Studio,,149000,,,,,0,,,,,,,,0,
 Route de Lessines D.0.3.,Appartement,,149000,,1,,,0,,,,1, 0.28 are,,,0,
 Chaussée de Tournai 46,Maison,,149000,,,,,0,,,,,,,,0,
 Potterijstraat 17,Maison,,149000,,,,,0,,,,,, 0.6 are,,0,
 Rolweg 83,Maison,,149000,,1,,,0,,,,,, 0.45 are,,0,
 Kerkstraat 2,Appartement,,149000,,,,,0,,,,,,,,0,
 du Rivage  1,Appartement,,149000,,,,,0,,,,,,,,0,
 Rue de Velaine 140 A,Maison,,149000,,,,,0,,,,,, 2.21 ares,,0,
 De Smet de Naeyerlaan 58,Appartement,,149000,,,,,0,,,,,,,,0,
 Weegschede 3,Maison,,149000,,,,,0,,,,1, 7.88 ares, 7.88 ares,,0,
 Rue Grande  C,Maison,,149000,,,,,0,,,,1, 2.6 ares, 3.34 ares,,0,
 Chaussée du Risquons-Tout 7,Penthouse,,149000,,,,,0,,,,,,,,0,
 Chaussée du Risquons-Tout 7,Appartement,,149000,,,,,0,,,,,,,,0,
 Rue du Banc de Sable C,Maison,,149000,,,,,0,,,,,, 2.19 ares,,0,
 Rue du Banc de Sable B,Maison,,149000,,,,,0,,,,,, 1.91 are,,0,
 Rue Grande  D,Maison,,149000,,,,,0,,,,1, 2.6 ares, 3.34 ares,,0,
 Rue Grande  B,Maison,,149000,,,,,0,,,,1, 2.6 ares, 3.34 ares,,0,
 Sergeant de Bruynestraat 47,Appartement,,149000,,,,,0,,,,,,,,0,
 Place Degauque 18,Maison,,149000,,,,,0,,,,,,,,0,
 Hoogstraat 38,Maison,,149000,,,,,0,,,,,, 3.13 ares,,0,
 Wipstraat 2,Appartement,,149000,,,,,0,,,,,,,,0,
 Rue de France 141a,Appartement,,149000,,,,,0,,,,,,,,0,
 Rue du Maréchal Foch 111,Maison,,149500,,,,,0,,,,,, 4 ares,,0,
 Fontaine Saint-Jean,Maison,,149500,,,,,0,,,,,,,,0,
 Fontaine Saint-Jean,Maison,,149500,,,,,0,,,,,,,,0,
 Neerhofstraat 25,Maison,,149500,,,,,0,,,,,, 1 are,,0,
 Onze-Lieve-Vrouwstraat 6,Appartement,,149500,,1,,,0,,,,,,,,0,
 Chaussée de Tongres 131,Maison,,149500,,,,,0,,,,1, 5 ares, 7.41 ares,,0,
 Zegelstraat 3,Appartement,,149500,,,,,0,,,,,,,,0,
 Stanleylaan 2,Appartement,,149500,,,,,0,,,,,,,,0,
 René Mouchottestraat 8,Appartement,,149500,,,,,0,,,,,,,,0,
 Rue des Carmes 1,Appartement,,149500,,,,,0,,,,,, 2.33 ares,,0,
 Rue Entre-Deux-Portes 6,Appartement,,149500,,,,,0,,,,,, 2.45 ares,,0,
 Kasteelstraat 144,Appartement,,149500,,,,,0,,,,,, 5.65 ares,,0,
 SCHENDELBEKEPLEIN 11,Maison,,149900,,,,,0,,,,,, 1.34 are,,0,
 Descampsstraat 50,Appartement,,150000,,1,,,,,,,,,,,0,
,Appartement,,150000,,,,,0,,,,,,,,0,
 Bergenstraat 1,Appartement,,150000,,,,,,,,,,,,,0,
 Route de Marche 57,Maison,,150000,,,,,0,,,,,,,,0,
,Maison,,150000,,,,,0,,,,,,,,0,
,Maison,,150000,,,,,0,,,,,,,,0,
,Maison,,150000,,,,,0,,,,,,,,0,
 Schermplantenstraat 77,Appartement,,150000,,1,,,0,,,,,,,,0,
 rue petite foxhalle 14,Appartement,,150000,,,,,0,,,,,,,,0,
,Appartement,,150000,,,,,,,,,,,,,0,
 REGENTIESTRAAT  82,Appartement,,150000,,,,,0,,,,,,,,0,
 Alexandre-Louis Vanhovestraat 5,Maison,,150000,,1,,,0,,,,,, 0.7 are,,0,
 Chemin de Mons à Gand 2,Maison,,150000,,,,,0,,,,,, 7.3 ares,,0,
 Doorniksesteenweg 40,Maison,,150000,,,,,0,,,,,, 0.95 are,,0,
 Alexandre-Louis Vanhovestraat 5,Maison,,150000,,1,,,0,,,,,, 0.7 are,,0,
 Heidestraat 195,Maison,,150000,,,,,0,,,,,,,,0,
 Leopoldlaan 109,Studio,,150000,,,,,0,,,,,,,,0,
 Cassellaan 32,Studio,,150000,,,,,0,,,,,,,,0,
 Brugsevaart 40,Rez-de-chaussée,,150000,,1,,,0,,,,1, 0.29 are, 0.75 are,,0,
 OUDENAARDSESTRAAT  484,Maison,,150000,,,,,0,,,,,, 1.27 are,,0,
 MEIRBROEKSTRAAT  4,Maison,,150000,,,,,0,,,,,, 6.6 ares,,0,
 Gulden Vlieslaan 8,Appartement,,150000,,,,,0,,,,,, 3 ares,,0,
 Gulden Vlieslaan 8,Appartement,,150000,,,,,0,,,,,, 3 ares,,0,
 Europagalerij 2,Appartement,,150000,,,,,0,,,,,,,,0,
 Rue Solovaz 8,Maison,,150000,,,,,0,,,,1, 1.71 are, 2.65 ares,,0,
 Rue de Ghislenghien 17,Maison,,150000,,,,,0,,,,,, 2.1 ares,,0,
 Chaussée de Gand 483,Appartement,,150000,,,,,0,,,,,,,,0,
 Vakantiestraat 4,Rez-de-chaussée,,150000,,1,,,0,,,,,,,,0,
 Avenue de l'Hippodrome 167,Studio,,150000,,,,,0,,,,,, 24.17 ares,,0,
 Rue de la Petite-Ile 8,Appartement,,153000,,1,,,0,,,,,,,,0,
 Rue de la Petite-Ile 8,Appartement,,153000,,1,,,0,,,,,,,,0,
 Heistlaan 168°,Maison,,153150,,,,,0,,,,,, 1.6 are,,0,
 Westhinderstraat 13,Maison,,153250,,,,,0,,,,1, 0.2 are,,,0,
 Rue Mionvaux 1A,Duplex,,154000,,,,,0,,,,1, 0.17 are,,,0,
 Rue Président Wilson,Appartement,,154500,,1,,,0,,,,,,,,0,
 Rue Président Wilson,Appartement,,154500,,1,,,0,,,,,,,,0,
,Maison,,154900,,,,,0,,,,,,,,0,
,Maison,,154900,,,,,0,,,,,,,,0,
 Albert I laan 77,Appartement,,154900,,1,,,0,,,,,, 0.35 are,,0,
 Rue de Ransart 6,Maison,,155000,,,,,0,,,,,, 4 ares,,0,
 avenue Louis Libert 9/,Immeuble,,155000,,,,,,,,,,, 5.46 ares,,0,
 avenue Louis Libert 9/,Immeuble,,155000,,,,,,,,,,, 5.46 ares,,0,
 Oswald Ponettestraat 12,Maison,,155000,,,,,0,,,,,, 1.1 are,,0,
 Avenue Van Overbeke 210,Appartement,,155000,,,,,0,,,,,,,,0,
 Zonnestraat 14,Maison,,155000,,,,,0,,,,,,,,0,
 Frans van Kalkenlaan 5,Appartement,,155000,,,,,0,,,,,,,,0,
 rue des Combattants 129,Maison,,155000,,,,,0,,,,,,,,0,
 Westendelaan 100,Appartement,,155000,,1,,,0,,,,,,,,0,
 Tempelhofstraat 6,Appartement,,155000,,1,,,,,,,,,,,0,
 Alfons Pieterslaan 4,Appartement,,155000,,1,,,,,,,,,,,0,
 Rue des Bachères 250,Maison,,155000,,,,,0,,,,,,,,0,
 Rue du Tilleul 24,Appartement,,155000,,1,,,0,,,,,,,,0,
,Maison,,155000,,,,,,,,,1, 0.79 are, 1.5 are,,0,
,Maison,,155000,,,,,,,,,,, 3.5 ares,,0,
 Paardevissersweg 3,Appartement,,155000,,1,,,0,,,,,, 7.54 ares,,0,
 rodenbachstraat 28,Appartement,,155000,,,,,0,,,,,,,,0,
 Bredabaan 272-274,Appartement,,155000,,,,,0,,,,,,,,0,
 Rue Entre-Deux-Portes 6,Appartement,,155000,,,,,0,,,,,, 2.45 ares,,0,
 Rue Maréchal Foch 7,Maison,,155000,,,,,0,,,,,, 1.15 are,,0,
 Rue des Fagnes 17,Maison,,155000,,,,,0,,,,,, 2.55 ares,,0,
 Albert I laan 265 0102,Studio,,155000,,,,,0,,,,,, 0.4 are,,0,
 Devlemincklaan 11,Appartement,,155000,,1,,,0,,,,,,,,0,
 Rue Grande 189,Appartement,,155000,,,,,0,,,,,, 0.83 are,,0,
 Rijksweg 213,Appartement,,155000,,1,,,0,,,,,,,,0,
 Kaai 13,Appartement,,155000,,1,,,0,,,,,, 0.91 are,,0,
 Rue de la Petite-Ile 8,Appartement,,155000,,1,,,0,,,,,,,,0,
 Vakantiestraat 4,Rez-de-chaussée,,155000,,1,,,0,,,,,,,,0,
 Rue Saint-Trond 18,Appartement,,155000,,1,,,0,,,,,,,,0,
 Rue de la Petite-Ile 8,Appartement,,155500,,1,,,0,,,,,,,,0,
 Astridlaan 460,Appartement,,156000,,1,,,0,,,,,,,,0,
 Van Geertstraat 27-35,Appartement,,156700,,1,,,0,,,,,,,,0,
,Appartement,,157000,,1,,,0,,,,,,,,0,
 Kastanjelaan 2,Appartement,,157000,,1,,,0,,,,,,,,0,
 Arthur de Greefplein 11,Studio,,157000,,,,,0,,,,,,,,0,
 Rue Président Wilson,Appartement,,157500,,1,,,0,,,,,,,,0,
 Zeedijk 265,Appartement,,158000,,1,,,0,,,,,,,,0,
 Zeelaan 41,Appartement,,158000,,1,,,0,,,,,,,,0,
,Immeuble,,158000,,,,,0,,,,1, 5 ares, 14.5 ares,,0,
 Avenue Camille Bellenger 4,Appartement,,158000,,,,,0,,,,,,,,0,
 Kwakkelberg 14,Appartement,,159000,,1,,,0,,,,,,,,0,
 Gentstraat 6,Appartement,,159000,,1,,,0,,,,,,,,0,
 Van Iseghemlaan 38,Appartement,,159000,,,,,0,,,,,,,,0,
 Petit Barvaux 25,Maison,,159000,,,,,0,,,,,,,,0,
 Statiestraat 130,Appartement,,159000,,,,,0,,,,,,,,0,
 Zeedijk 250,Studio,,159000,,,,,0,,,,,,,,0,
 Sint-idesbaldusstraat 21,Appartement,,159000,,,,,0,,,,,,,,0,
 Zeedijk 250,Appartement,,159000,,1,,,0,,,,,,,,0,
,Appartement,,159000,,,,,0,,,,,,,,0,
 Vlaanderenstraat 14,Appartement,,159000,,,,,0,,,,,,,,0,
 Albert I laan 112,Appartement,,159000,,,,,0,,,,,,,,0,
 Grote markt 16,Studio,,159000,,1,,,0,,,,,,,,0,
 Zeelaan 43,Appartement,,159000,,1,,,0,,,,,,,,0,
 Oude Havenstraat 7,Maison,,159000,,,,,0,,,,1, 1 are, 1.73 are,,0,
 rue du bas 36,Maison,,159000,,,,,0,,,,,, 10.8 ares,,0,
,Maison,,159000,,,,,,,,,,, 1.2 are,,0,
,Maison,,159000,,,,,,,,,,, 2.08 ares,,0,
 Rijselstraat 20,Maison,,159000,,,,,0,,,,,, 2.8 ares,,0,
 Troonstraat 37,Appartement,,159000,,1,,,0,,,,,,,,0,
 Johannastraat 1-3,Appartement,,159000,,1,,,0,,,,,,,,0,
 Cheneux 17/19,Ferme,,159000,,,,,0,,,,,, 8.5 ares,,0,
 Marie-Joselaan 10,Appartement,,159000,,,,,0,,,,,,,,0,
 Rue aux Fleurs 12,Maison,,159000,,,,,0,,,,,, 2.05 ares,,0,
 Waide des Dames 74,Maison,,159000,,,,,0,,,,,,,,0,
 Rue Grande E,Maison,,159000,,,,,0,,,,1, 2.6 ares, 3.34 ares,,0,
 Rue Saint-Fiacre 119,Maison,,159000,,,,,0,,,,,,,,0,
 Essex Scottishlaan 53,Appartement,,159000,,1,,,0,,,,,,,,0,
 Essex Scottishlaan 53,Rez-de-chaussée,,159000,,,,,0,,,,,,,,0,
 Essex Scottishlaan 53,Rez-de-chaussée,,159000,,,,,0,,,,,,,,0,
 Essex Scottishlaan 51,Rez-de-chaussée,,159000,,,,,0,,,,,,,,0,
 rue de la station 169,Appartement,,159000,,,,,0,,,,,,,,0,
 rue Emile Vandervelde 421,Maison,,159000,,,,,0,,,,,, 1.32 are,,0,
 Rue du Crombion 4,Maison,,159000,,,,,0,,,,,, 3.15 ares,,0,
 Zeelaan 45,Appartement,,159380,,1,,,0,,,,,,,,0,
 Rue du Roc 1,Maison,,159500,,,,,0,,,,1, 2.7 ares, 2.18 ares,,0,
 Montagne Sainte-Walburge 6,Appartement,,159500,,,,,0,,,,,,,,0,
 Rue de la Résistance 54,Maison,,159900,,1,,,0,,,,,, 4.92 ares,,0,
 rue de l'égalité 40,Maison,,159900,,,,,0,,,,,,,,0,
 Sint-Ambrosiusstraat 1/0104,Appartement,,160000,,1,,,0,,,,,, 0.95 are,,0,
 Albert I Laan 112,Appartement,,160000,,1,,,0,,,,,,,,0,
 Vakantiestraat 3,Immeuble,,160000,,1,,,,,,,,,,,0,
 Rue Pont à la Faulx 68,Maison,,160000,,,,,0,,,,,,,,0,
 Petit Barvaux 47,Maison,,160000,,,,,0,,,,,,,,0,
 Route de Durbuy 32,Appartement,,160000,,,,,0,,,,,,,,0,
 Lange Lozanastraat 233,Appartement,,160000,,,,,0,,,,,,,,0,
 Torhoutsesteenweg 310,Appartement,,160000,,,,,0,,,,,,,,0,
 Guido Gezellestraat 22,Maison,,160000,,,,,0,,,,,,,,0,
 Leopoldlaan 132,Appartement,,160000,,,,,0,,,,,,,,0,
 Rue de Tamines 29,Appartement,,160000,,,,,0,,,,,,,,0,
 Rue de Tamines 29,Appartement,,160000,,,,,0,,,,,,,,0,
 Rue de l'Eglise  73,Maison,,160000,,,,,0,,,,1, 8.6 ares, 8.6 ares,,0,
 Hospitaalstraat 5,Appartement,,160000,,1,,,0,,,,,,,,0,
 Vakantiestraat 4,Appartement,,160000,,1,,,0,,,,,,,,0,
 Rue Armand Bocquet 4B/011,Appartement,,160350,,,,,0,,,,,,,,0,
 Rue Armand Bocquet 4C/011,Appartement,,160350,,,,,0,,,,,,,,0,
 Rue Armand Bocquet 4D/011,Appartement,,160350,,,,,0,,,,,,,,0,
 Strijkerstraat 1,Appartement,,161000,,1,,,0,,,,,, 0.68 are,,0,
 Sint-Ambrosiusstraat 1/0204,Appartement,,162000,,1,,,0,,,,,, 0.95 are,,0,
 Essex Scottishlaan 53,Appartement,,162500,,1,,,0,,,,,,,,0,
 Essex Scottishlaan 53,Appartement,,162500,,1,,,0,,,,,,,,0,
 Rue Président Wilson,Studio,,163000,,,,,0,,,,,,,,0,
 Rue de la Petite-Ile 8,Appartement,,163000,,1,,,0,,,,,,,,0,
 IJzerlaan 40,Appartement,,163500,,1,,,0,,,,,,,,0,
 Staakstraat 123,Maison,,164000,,,,,0,,,,1, 1.1 are, 2.4 ares,,0,
 Rue de la Petite-Ile 8,Appartement,,164000,,1,,,0,,,,,,,,0,
 Rue de la Petite-Ile 8,Appartement,,164000,,1,,,0,,,,,,,,0,
 rue de menin 36,Appartement,,164500,,,,,0,,,,,,,,0,
 Rue de Menin  36,Appartement,,164500,,,,,0,,,,,,,,0,
 Engelsenlaan 5/0002,Appartement,,165000,,1,,,0,,,,1, 0.42 are, 1.11 are,,0,
 Rue Docteur André 85,Maison,,165000,,,,,0,,,,,, 3.3 ares,,0,
 Duinenstraat 333,Appartement,,165000,,,,,,,,,,,,,0,
 Arendlaan 19,Appartement,,165000,,,,,0,,,,,,,,0,
 tenimont 7,Maison,,165000,,,,,0,,,,,,,,0,
 Graaf Jansdijk 14,Appartement,,165000,,,,,,,,,,,,,0,
 Plaats 27,Rez-de-chaussée,,165000,,1,,,0,,,,,,,,0,
 Tempelhofstraat 6,Appartement,,165000,,1,,,,,,,,,,,0,
 NC,Appartement,,165000,,,,,0,,,,,,,,0,
,Appartement,,165000,,,,,,,,,,,,,0,
 Franslaan 109,Appartement,,165000,,1,,,0,,,,,, 0.42 are,,0,
 Rue Pont des Chaînes 6,Appartement,,165000,,,,,0,,,,,,,,0,
 Engelsenlaan 5/0002,Maison,,165000,,1,,,0,,,,1, 0.42 are, 1.11 are,,0,
 Grote Herreweg 125a,Maison,,165000,,,,,0,,,,,, 1.04 are,,0,
 Grote Herreweg 125a,Maison,,165000,,,,,0,,,,,, 1.04 are,,0,
 Engelsenlaan 5/0002,Appartement,,165000,,1,,,0,,,,1, 0.42 are, 1.11 are,,0,
 Laarbekestraat 16,Appartement,,165000,,,,,0,,,,,, 3.63 ares,,0,
 Rue de la Cahuaire A.1.2.1.,Appartement,,165000,,,,,0,,,,,,,,0,
 Rue de la Cahuaire A.1.1.1.,Appartement,,165000,,,,,0,,,,,,,,0,
 Place du Sablon 52,Maison,,165000,,,,,0,,,,,, 0.75 are,,0,
 Q. van Uffordweg 79,Maison,,165000,,,,,0,,,,1, 1.3 are, 1.3 are,,0,
 Chemin des Sangliers 106,Chalet,,165000,,,,,0,,,,1, 8.1 ares, 10.25 ares,,0,
 Rue d'Enghien 33,Appartement,,165000,,1,,,0,,,,,,,,0,
 Boulevard Louis Mettewie 50,Appartement,,165000,,,,,0,,,,,,,,0,
 Rue Saint-Jean 9,Maison,,165000,,,,,0,,,,1, 4.5 ares, 7.5 ares,,0,
 Kanonweg 11,Maison,,165000,,,,,0,,,,,, 0.74 are,,0,
 Rue de la Cahuaire A.1.2.1.,Appartement,,165000,,,,,0,,,,,,,,0,
 Rue de la Cahuaire A.1.1.1.,Appartement,,165000,,,,,0,,,,,,,,0,
 Rue des Grands-Champs 88,Maison,,165000,,,,,0,,,,,, 1.1 are,,0,
 Rue d'Offignies 55-61,Maison,,165000,,,,,0,,,,,, 2.15 ares,,0,
 Rue de Gosselies 9,Maison,,165000,,,,,0,,,,,,,,0,
 vakantiestraat 4,Appartement,,165000,,1,,,0,,,,,,,,0,
 Rue Monseigneur Lamy,Maison,,165000,,,,,0,,,,1, 1.25 are, 2.35 ares,,0,
 Rue Monseigneur Lamy,Maison,,165000,,,,,0,,,,1, 1.35 are, 2.35 ares,,0,
 Europaplein 6,Appartement,,165000,,,,,,,,,,,,,0,
 Rue Joseph Delmotte 19,Maison,,165000,,,,,0,,,,,, 5.76 ares,,0,
 Bortierlaan 44,Appartement,,165000,,,,,0,,,,,,,,0,
 IJzerlaan 40,Appartement,,165500,,1,,,0,,,,,,,,0,
 Rue de la Petite-Ile 8,Appartement,,165500,,1,,,0,,,,,,,,0,
 Rue de la Petite-Ile 8,Appartement,,165500,,1,,,0,,,,,,,,0,
 Rue de la Petite-Ile 8,Appartement,,165500,,1,,,0,,,,,,,,0,
 Rue Robert Delange  96+ Lot 9,Maison,,166000,,,,,0,,,,,, 3.04 ares,,0,
 Rue Robert Delange  96+ Lot 8,Maison,,166000,,,,,0,,,,,, 3.04 ares,,0,
 Elisalaan 15,Appartement,,166000,,,,,0,,,,,, 0.4 are,,0,
 Rue Armand Bocquet 4A/011,Appartement,,166350,,,,,0,,,,,,,,0,
 Rue de l'Église 25,Maison,,167500,,,,,0,,,,,, 4 ares,,0,
 A. Dumontlaan 8,Appartement,,168000,,,,,,,,,,,,,0,
 Lange Altaarstraat 30,Appartement,,168000,,1,,,0,,,,,,,,0,
 Felicien Ropsweg 5,Appartement,,168000,,,,,,,,,,,,,0,
 Westhinderstraat 13,Maison,,168000,,,,,0,,,,,,,,0,
 Rue de la Liberté 47,Maison,,168000,,,,,0,,,,1, 12.47 ares, 13.57 ares,,0,
 Rue du Waux-Hall 22/24,Immeuble,,169000,,,,,0,,,,,,,,0,
 Rue Jonas 36,Maison,,169000,,,,,0,,,,1, 1.98 are, 4.31 ares,,0,
 Rue du Marquis d'Ennetières 56,Maison,,169000,,,,,0,,,,,,,,0,
 Westhoeklaan 32,Appartement,,169000,,,,,0,,,,,,,,0,
 Loodsenstraat 13,Appartement,,169000,,,,,,,,,,,,,0,
,Maison,,169000,,,,,0,,,,,,,,0,
 Bergstraat 55,Appartement,,169000,,1,,,0,,,,,,,,0,
,Maison,,169000,,,,,0,,,,,,,,0,
 Leopoldlaan 123,Appartement,,169000,,1,,,0,,,,,,,,0,
 rue saint pierre 9,Maison,,169000,,,,,0,,,,,,,,0,
 Ernest Feysplein 15,Appartement,,169000,,1,,,0,,,,,,,,0,
 Rue de la Résistance 2,Ferme,,169000,,,,,0,,,,,,,,0,
 Zeedijk 250,Appartement,,169000,,1,,,0,,,,,,,,0,
,Maison,,169000,,,,,0,,,,,,,,0,
 Place de la Station 10,Duplex,,169000,,,,,0,,,,,,,,0,
 Duinenstraat 246,Appartement,,169000,,1,,,,,,,,,,,0,
 Zeelaan 43,Appartement,,169000,,1,,,0,,,,,,,,0,
 Zeelaan 41,Appartement,,169000,,1,,,0,,,,,,,,0,
 Zeelaan 41,Appartement,,169000,,1,,,0,,,,,,,,0,
,Maison,,169000,,,,,,,,,,, 0.92 are,,0,
 Leopoldlaan  132,Appartement,,169000,,1,,,0,,,,,,,,0,
 Rue Tiennemesse 17,Maison,,169000,,,,,0,,,,,, 27.89 ares,,0,
 Prins Albertplein 2A,Appartement,,169000,,,,,0,,,,,, 1.65 are,,0,
 Rue César de Paepe 1,Appartement,,169000,,1,,,0,,,,,,,,0,
 Chemin d'Enghien 36,Maison,,169000,,,,,0,,,,,, 1.85 are,,0,
 Dr Fr Verhaeghestraat 34,Appartement,,169000,,,,,0,,,,,,,,0,
 Rue de la Petite-Ile 8,Appartement,,169000,,1,,,0,,,,,,,,0,
 Rue des Sapins 19,Maison,,169000,,,,,0,,,,,, 12.4 ares,,0,
 Steenvoordestraat 19,Maison,,169000,,,,,0,,,,,, 3.57 ares,,0,
 Avenue de la Bourgogne 90,Maison,,169000,,,,,0,,,,,,,,0,
 Oostendelaan 97,Appartement,,169500,,,,,0,,,,,, 0.78 are,,0,
 Quai de Rome 104,Appartement,,169500,,,,,0,,,,,,,,0,
 Square de la demi lune 4/9,Appartement,,169500,,,,,0,,,,,,,,0,
 Rue du Marais 91,Appartement,,169500,,1,,,0,,,,,,,,0,
 Graaf Jansdijk 14,Rez-de-chaussée,,169500,,,,,0,,,,,, 1.02 are,,0,
 Rue d'Armentières  145,Maison,,169900,,,,,0,,,,,, 3.74 ares,,0,
 Achtste Linielaan 3,Maison,,169900,,,,,0,,,,,, 1.46 are,,0,
 Rue Fosse Roulette 50,Maison,,169900,,,,,0,,,,,, 6.14 ares,,0,
 Boomsesteenweg 225,Appartement,,169900,,1,,,0,,,,,, 0.91 are,,0,
 Rue Saint-Georges 34,Maison,,169900,,,,,0,,,,,,,,0,
 Steenstraat 49,Maison,,170000,,,,,0,,,,,,,,0,
 Avenue du Karreveld 8,Appartement,,170000,,1,,,0,,,,,,,,0,
 Boulevard Joseph Bracops 203,Appartement,,170000,,,,,0,,,,,,,,0,
